show_id,title,seasons
549,Grey's Anatomy,17.0
2424,Supernatural,15.0
4799,NCIS,15.0
1355,Heartland,13.0
4221,COMEDIANS of the world,13.0
7848,Red vs. Blue,13.0
4965,Trailer Park Boys,12.0
5413,Criminal Minds,12.0
6796,Frasier,11.0
6457,Cheers,11.0
2204,Shameless (U.S.),10.0
6807,Friends,10.0
1760,LEGO Ninjago: Masters of Spinjitzu,10.0
5909,Danger Mouse: Classic Collection,10.0
391,The Walking Dead,10.0
1623,Stargate SG-1,10.0
6550,Dad's Army,10.0
9,The Great British Baking Show,9.0
5804,Forensic Files,9.0
8443,The Office (U.S.),9.0
68,Saved by the Bell,9.0
6505,Club Friday The Series 6,9.0
1999,Call the Midwife,9.0
1702,American Horror Story,9.0
3542,Naruto,9.0
1481,Still Game,9.0
526,My Little Pony: Friendship Is Magic,8.0
8175,That '70s Show,8.0
2995,The Ranch,8.0
4312,Voltron: Legendary Defender,8.0
1934,Wentworth,8.0
6604,Dexter,8.0
2948,Arrow,8.0
3248,Trolls: The Beat Goes On!,8.0
5288,The Vampire Diaries,8.0
5055,Under Arrest,8.0
7757,Portlandia,8.0
8711,Weeds,8.0
3944,Spirit: Riding Free,8.0
6507,Club Friday The Series 8,8.0
2010,Girlfriends,8.0
7897,Royal Pains,8.0
8190,The Andy Griffith Show,8.0
381,The Flash,7.0
1363,Total Drama,7.0
1981,The Blacklist,7.0
1640,Heartbreak High,7.0
3928,New Girl,7.0
324,30 Rock,7.0
7369,Mad Men,7.0
275,Grace and Frankie,7.0
7954,Scandal,7.0
4947,Star Trek: The Next Generation,7.0
6506,Club Friday The Series 7,7.0
4414,Kopitiam,7.0
1044,Gilmore Girls,7.0
5246,Star Trek: Voyager,7.0
1780,Marvel's Agents of S.H.I.E.L.D.,7.0
5275,Offspring,7.0
1879,The 100,7.0
527,Orange Is the New Black,7.0
8558,The West Wing,7.0
5651,Star Trek: Deep Space Nine,7.0
7710,Parks and Recreation,7.0
2600,El señor de los Cielos,7.0
7629,Nurse Jackie,7.0
2516,Patriot Act with Hasan Minhaj,6.0
4085,Chef's Table,6.0
5036,Dragons: Race to the Edge,6.0
5064,The Adventures of Puss in Boots,6.0
2391,How to Get Away with Murder,6.0
5166,Longmire,6.0
5181,Project Mc²,6.0
5222,West Coast Customs,6.0
3109,Private Practice,6.0
339,Hunter X Hunter (2011),6.0
4748,Kath and Kim,6.0
6886,Gossip Girl,6.0
1060,House of Cards,6.0
790,Downton Abbey,6.0
538,Terrace House: Opening New Doors,6.0
2741,Saint Seiya,6.0
668,Glee,6.0
2524,Madam Secretary,6.0
1174,Men on a Mission,6.0
1751,Dawson's Creek,6.0
678,Schitt's Creek,6.0
2719,Community,6.0
6743,Father Brown,6.0
56,Nailed It,6.0
8379,The L Word,6.0
2074,"Sister, Sister",6.0
66,Numberblocks,6.0
2294,Cable Girls,6.0
7857,Republic of Doyle,6.0
83,Lucifer,6.0
2174,Moesha,6.0
3370,BoJack Horseman,6.0
3654,Comedians in Cars Getting Coffee,6.0
6251,Bates Motel,5.0
1428,Inside the World’s Toughest Prisons,5.0
255,Go! Go! Cory Carson,5.0
6175,Anthony Bourdain: Parts Unknown,5.0
632,The Seven Deadly Sins,5.0
3609,Jane The Virgin,5.0
5941,Breaking Bad,5.0
6127,Alphablocks,5.0
1246,Word Party,5.0
2202,Last Chance U,5.0
545,Workin' Moms,5.0
8423,The Mind of a Chef,5.0
4164,Z Nation,5.0
8312,The Fosters,5.0
107,Bunk'd,5.0
110,La casa de papel,5.0
522,Kim's Convenience,5.0
6520,Comedy Bang! Bang!,5.0
515,Cuckoo,5.0
3169,Fuller House,5.0
2527,She-Ra and the Princesses of Power,5.0
5924,Goosebumps,5.0
3602,IZombie,5.0
2601,Good Witch,5.0
2161,Ever After High,5.0
3453,Peaky Blinders,5.0
5091,Episodes,5.0
5097,Fullmetal Alchemist: Brotherhood,5.0
4846,Arrested Development,5.0
5139,All Hail King Julien,5.0
8727,When Calls the Heart,5.0
3478,Gotham,5.0
1852,One on One,5.0
2125,Rita,5.0
22,Resurrection: Ertugrul,5.0
4710,The Originals,5.0
1923,The Parkers,5.0
5321,Dinotrux,5.0
5364,The IT Crowd,5.0
5422,Young & Hungry,5.0
4505,Rake,5.0
2963,Miraculous: Tales of Ladybug & Cat Noir,5.0
5675,Merlin,5.0
2659,Bleach,5.0
73,Jack Whitehall: Travels with My Father,5.0
670,Locked Up,5.0
426,Chicago Med,5.0
2471,Supergirl,5.0
4265,People Just Do Nothing,5.0
2406,DC's Legends of Tomorrow,5.0
3775,Black Mirror,5.0
7722,Pee-wee's Playhouse,5.0
273,Fast & Furious Spy Racers,5.0
337,Friday Night Lights,5.0
6971,Highway to Heaven,5.0
3887,Señora Acero,5.0
7730,Person of Interest,5.0
2423,Queer Eye,5.0
6956,Hell on Wheels,5.0
1409,The Magicians,5.0
3750,Girlfriends' Guide to Divorce,5.0
6942,Haven,5.0
2022,Greenleaf,5.0
7343,Lost Girl,5.0
7871,Ripper Street,5.0
4552,Monty Python's Flying Circus,4.0
7322,Liv and Maddie,4.0
1396,Hello Ninja,4.0
662,Call My Agent!,4.0
661,Black Lightning,4.0
3036,Harvey Street Kids,4.0
2136,The Legend of Korra,4.0
1930,Man with a Plan,4.0
90,Mighty Raju,4.0
5245,Star Trek: Enterprise,4.0
1782,Somebody Feed Phil,4.0
1619,Octonauts,4.0
4528,Sofia the First,4.0
5940,The 4400,4.0
2932,Better Call Saul,4.0
7843,Rectify,4.0
221,Family Reunion,4.0
629,StarBeam,4.0
5381,Dawn of the Croods,4.0
1949,Van Helsing,4.0
16,Dear White People,4.0
1950,The Good Place,4.0
1766,The Garfield Show,4.0
2418,13 Reasons Why,4.0
3012,Hip-Hop Evolution,4.0
2416,Queen of the South,4.0
8654,Ugly Duckling,4.0
1378,Outlander,4.0
8542,The Twilight Zone (Original Series),4.0
4499,Project S The Series,4.0
8540,The Tudors,4.0
5286,Reign,4.0
2389,Alexa & Katie,4.0
5524,The Mr. Peabody and Sherman Show,4.0
685,Elite,4.0
7407,Maron,4.0
1159,Big Time Rush,4.0
5786,VeggieTales in the House,4.0
5263,Terrace House: Aloha State,4.0
1082,"Nicky, Ricky, Dicky & Dawn",4.0
2629,The Last Kingdom,4.0
2396,F is for Family,4.0
1402,Carmen Sandiego,4.0
4763,Home: Adventures with Tip & Oh,4.0
2400,ONE PIECE,4.0
2467,Mako Mermaids: An H2O Adventure,4.0
1180,Mighty Morphin Power Rangers,4.0
677,Riverdale,4.0
5382,Degrassi: Next Class,4.0
891,Castlevania,4.0
5150,Man Down,4.0
1699,The Crown,4.0
7868,"Rica, Famosa, Latina",4.0
1420,Last Tango in Halifax,4.0
1591,Big Mouth,4.0
2255,The Protector,4.0
392,Wynonna Earp,4.0
6265,Beauty & the Beast,4.0
5127,Halt and Catch Fire,4.0
3331,Billy on the Street,4.0
513,Code Lyoko,4.0
2128,3%,4.0
2070,H,4.0
3921,Crazy Ex-Girlfriend,4.0
6936,Hart of Dixie,4.0
1688,The Boss Baby: Back in Business,4.0
6804,Friday Night Tykes,4.0
8065,Spartacus,4.0
1303,MeatEater,4.0
4858,Inspector Gadget,4.0
478,Atypical,4.0
1474,Chilling Adventures of Sabrina,4.0
161,Major Dad,4.0
5148,TURN: Washington's Spies,4.0
4845,Unbreakable Kimmy Schmidt,4.0
387,Mighty Express,4.0
2791,Greenhouse Academy,4.0
2584,Masha and the Bear,4.0
6280,Being Mary Jane: The Series,4.0
1792,Chico Bon Bon: Monkey with a Tool Belt,4.0
4207,Pocoyo,4.0
1849,Half & Half,4.0
4202,Hardy Bucks,4.0
1236,Pokémon Journeys: The Series,4.0
1848,Fireman Sam,4.0
4838,The Night Shift,4.0
541,The Worst Witch,4.0
1959,The Chef Show,4.0
4168,Club of Crows,4.0
8332,The Great British Baking Show: Masterclass,4.0
1570,Masameer Classics,4.0
8003,Sherlock,4.0
3193,Eastsiders,4.0
2847,Velvet,4.0
1309,Booba,4.0
3294,Little Things,3.0
4866,Bill Nye Saves the World,3.0
4943,Wakfu,3.0
4678,Ultimate Beastmaster México,3.0
2827,On My Block,3.0
4677,Ultimate Beastmaster,3.0
4718,Dinotrux Supercharged,3.0
1574,The Expanding Universe of Ashley Garcia,3.0
3492,Glitch,3.0
4853,Trollhunters,3.0
4751,El Chapo,3.0
1405,Henry Danger,3.0
1049,Power Players,3.0
1403,Disenchantment,3.0
3456,Super Monsters,3.0
3484,El Marginal,3.0
1015,PJ Masks,3.0
3283,The Toys That Made Us,3.0
1783,Suburra: Blood on Rome,3.0
2856,Babylon Berlin,3.0
3311,Meet the Adebanjos,3.0
1066,Slasher,3.0
3681,Free Rein,3.0
3645,Beat Bugs,3.0
4184,The World's Most Extraordinary Homes,3.0
1668,Flavorful Origins,3.0
3885,Ash vs. Evil Dead,3.0
1271,Sin senos sí hay paraíso,3.0
4123,One Day at a Time,3.0
3655,The Epic Tales of Captain Underpants,3.0
1336,The Sinner,3.0
3660,Pinky Malinky,3.0
4115,Barbie Dreamhouse Adventures,3.0
3670,Bonus Family,3.0
4064,The Disastrous Life of Saiki K.,3.0
3709,Paquita Salas,3.0
3686,Stranger Things,3.0
3149,What's New Scooby-Doo?,3.0
4029,Into the Badlands,3.0
1307,Good Girls,3.0
1597,The Great British Baking Show: Holidays,3.0
3971,Versailles,3.0
3966,Santa Clarita Diet,3.0
3326,Victorious,3.0
3703,Dope,3.0
3943,Roman Empire: Reign of Blood,3.0
3937,Derek,3.0
4219,A Series of Unfortunate Events,3.0
3836,Easy,3.0
3541,Moving Art,3.0
3779,Documentary Now!,3.0
3554,True and the Rainbow Kingdom,3.0
3726,Shooter,3.0
3562,13 Reasons Why: Beyond the Reasons,3.0
1385,Busted!,3.0
3753,Marvel's Jessica Jones,3.0
4624,Skylanders Academy,3.0
2954,Team Kaylie,3.0
1756,Leah Remini: Scientology and the Aftermath,3.0
3763,Designated Survivor,3.0
4496,Marvel's Daredevil,3.0
4486,The Hollywood Masters,3.0
4437,Follow This,3.0
3083,Occupied,3.0
1580,Mr. Iglesias,3.0
3346,The Deep,3.0
3601,GLOW,3.0
1183,Formula 1: Drive to Survive,3.0
4366,Frontier,3.0
3048,Anne with an E,3.0
1441,Nailed It! Mexico,3.0
4311,Travelers,3.0
3247,The Dragon Prince,3.0
1214,Paradise PD,3.0
1449,Cobra Kai,3.0
4664,Quantico,3.0
5471,Bloodline,3.0
6587,Deep Undercover Collection,3.0
546,YooHoo to the Rescue,3.0
1814,My Next Guest Needs No Introduction With David Letterman,3.0
514,Colony,3.0
214,RIDE ON TIME,3.0
7893,Roonpi Secret Love,3.0
523,Larva,3.0
524,Marcella,3.0
2547,Bordertown,3.0
7907,Rurouni Kenshin,3.0
533,Scream,3.0
534,Shtisel,3.0
537,Tales by Light,3.0
2328,Dark,3.0
8023,Sin Senos sí Hay Paraíso,3.0
8031,Skin Wars,3.0
155,Kuroko's Basketball,3.0
1929,Black Butler,3.0
6369,Brain Games,3.0
8126,Super Wings,3.0
6319,Bitten,3.0
6305,"Big Dreams, Small Spaces",3.0
1953,Mighty Little Bheem,3.0
2090,Aggretsuko,3.0
591,Sailor Moon Crystal,3.0
125,Pororo - The Little Penguin,3.0
6214,Bad Education,3.0
6138,American Crime,3.0
7529,Murderous Affairs,3.0
5934,The Borgias,3.0
5923,Lilyhammer,3.0
5889,Hemlock Grove,3.0
510,Ask the StoryBots,3.0
6672,El Barco,3.0
2525,Magic for Humans,3.0
1990,Baby,3.0
7575,Nature's Weirdest Events,3.0
7577,Nazi Mega Weapons,3.0
7296,Leyla and Mecnun,3.0
310,Car Masters: Rust to Riches,3.0
7288,Lego Friends,3.0
7267,Land Girls,3.0
7255,La Familia P. Luche,3.0
325,44 Cats,3.0
362,Charmed,3.0
2427,BAKI,3.0
367,Glow Up,3.0
7680,Origins Collection,3.0
242,Manifest,3.0
6997,Hormones,3.0
7726,Penny Dreadful,3.0
6972,Hinterland,3.0
233,Wheel of Fortune,3.0
6970,Highway Thru Hell,3.0
383,All American,3.0
386,How to Sell Drugs Online (Fast),3.0
2451,Midnight Diner,3.0
6918,Hannibal,3.0
2474,Dynasty,3.0
441,Explained,3.0
6891,Grand Hotel,3.0
7807,Pyaar Tune Kya Kiya,3.0
2520,Avatar: The Last Airbender,3.0
6767,Fix It and Finish It,3.0
489,Virgin River,3.0
5870,Turbo FAST,3.0
2586,Medici: Masters of Florence,3.0
2747,The Windsors,3.0
2768,Ozark,3.0
2190,Sugar Rush,3.0
5396,Intersection,3.0
1919,Sword Art Online,3.0
5306,Narcos,3.0
786,Cocomelon,3.0
8606,Top Grier,3.0
796,Happy Endings,3.0
40,Chhota Bheem,3.0
1865,Kipo and the Age of Wonderbeasts,3.0
5264,Dark Matter,3.0
821,The Platform,3.0
33,Sex Education,3.0
2163,The Rain,3.0
831,The Kominsky Method,3.0
844,JoJo's Bizarre Adventure,3.0
2737,Man Like Mobeen,3.0
5207,W1A,3.0
849,Master of None,3.0
856,Jurassic World Camp Cretaceous,3.0
1842,The Last Kids on Earth,3.0
5167,Luna Petunia,3.0
5151,Broadchurch,3.0
881,Haunted,3.0
8685,Vroomiz,3.0
5098,Lovesick,3.0
2153,Selling Sunset,3.0
8756,Women Behind Bars,3.0
922,StartUp,3.0
2152,High Seas,3.0
8798,Zak Storm,3.0
2740,Pokémon the Series,3.0
2065,Borgen,3.0
2107,Rust Valley Restorers,3.0
710,Millennials,3.0
8358,The Inbetweeners,3.0
5691,From Dusk Till Dawn,3.0
5813,Caught on Camera,3.0
96,The Circle,3.0
5460,Off Camera,3.0
8350,The House That Made Me,3.0
1896,H2O: Just Add Water,3.0
704,The Gift,3.0
5594,Love Me As I Am,3.0
5830,Popples,3.0
5568,Outback Truckers,3.0
2677,Fauda,3.0
8425,The Ministry of Time,3.0
2219,Norsemen,3.0
8511,The Sniffer,3.0
669,Hap and Leonard,3.0
5495,Kazoops!,3.0
8600,Toast of London,3.0
2649,The House of Flowers,3.0
3407,Spirit Riding Free: Pony Tales,2.0
2360,Most Beautiful Thing,2.0
2293,Little Singham,2.0
3284,The Yard,2.0
2239,Sunny Bunnies,2.0
2363,The Politician,2.0
3337,Haikyu!!,2.0
2347,"Roswell, New Mexico",2.0
3340,"Love, Chunibyo & Other Delusions!",2.0
3289,Chief of Staff,2.0
3342,Mobile Suit Gundam: Iron-Blooded Orphans,2.0
3334,CLANNAD,2.0
3402,Little Baby Bum: Nursery Rhyme Friends,2.0
3299,Wild District,2.0
2182,Transformers Rescue Bots Academy,2.0
2353,Babies,2.0
3345,The Boulet Brothers Dragula,2.0
3305,Sam & Cat,2.0
2191,The Umbrella Academy,2.0
3356,KENGAN ASHURA,2.0
3307,The End of the F***ing World,2.0
2230,In The Dark,2.0
2822,Kingdom,2.0
2379,The Order,2.0
2938,Dragons: Rescue Riders,2.0
2612,Tjovitjo,2.0
2993,Sons of the Caliphate,2.0
2641,After Life,2.0
2977,Unauthorized Living,2.0
2972,Diablero,2.0
2670,El Dragón: Return of a Warrior,2.0
2676,Fary : Hexagone,2.0
2699,Hi Score Girl,2.0
2709,El Reemplazante,2.0
2711,Legacies,2.0
2939,Fifty: The Series,2.0
3415,Chosen,2.0
2743,Sunderland 'Til I Die,2.0
3014,Tiny House Nation,2.0
2927,We Bare Bears,2.0
2922,Narcos: Mexico,2.0
2875,Altered Carbon,2.0
2749,Well-Intended Love,2.0
2869,Always a Witch,2.0
2765,Happy!,2.0
2775,7SEEDS,2.0
2786,Barbie Dreamhouse Adventures: Go Team Roberts,2.0
2788,Archibald's Next Big Thing,2.0
2839,Ugly Delicious,2.0
2826,Dirty Money,2.0
2789,Dino Girl Gauko,2.0
2999,​SAINT SEIYA: Knights of the Zodiac,2.0
3040,The InBESTigators,2.0
3276,Llama Llama,2.0
3175,The Chosen One,2.0
2384,The Chase,2.0
3272,K-On!,2.0
2395,Dating Around,2.0
3242,Nailed It! Holiday!,2.0
3231,The Crime,2.0
3213,La Reina del Sur,2.0
2445,Cardcaptor Sakura,2.0
3209,Chip and Potato,2.0
3200,Space Jungle,2.0
2462,"Can't Cope, Won't Cope",2.0
3184,The Last O.G.,2.0
2481,Trailer Park Boys: The Animated Series,2.0
3147,Scooby-Doo!: Mystery Incorporated,2.0
3067,Mia and Me,2.0
2530,The Wiggles,2.0
3129,Cocomong,2.0
3121,Ultraviolet,2.0
2552,Dead to Me,2.0
2553,Restaurants on the Edge,2.0
3107,Lost in Space,2.0
2555,The Hollow,2.0
3104,CAROLE & TUESDAY,2.0
2558,Scissor Seven,2.0
3097,You,2.0
3087,The Degenerates,2.0
3086,Robot Trains,2.0
3411,Toon,2.0
2,Blood & Water,2.0
3431,Insatiable,2.0
6394,Burnistoun,2.0
5868,Care Bears & Cousins,2.0
5903,H2O: Mermaid Adventures,2.0
6067,A Young Doctor's Notebook and Other Stories,2.0
6080,Abnormal Summit,2.0
6102,Age of Glory,2.0
6178,忍者ハットリくん,2.0
6266,Beauty and the Bitches,2.0
6302,Big Bad Beetleborgs,2.0
6362,Borderline,2.0
6374,Braxton Family Values,2.0
6452,Chasing Monsters,2.0
5856,Justin Time,2.0
6458,Chef & My Fridge,2.0
6461,Chewing Gum,2.0
6561,Dangerous Roads,2.0
6573,Days We Stared at the Sun,2.0
6679,El Vato,2.0
6725,Extras,2.0
6751,Filinta,2.0
6764,Fit for Fashion,2.0
6823,Galavant,2.0
6869,Goldie & Bear,2.0
5857,Terrace House: Boys & Girls in the City,2.0
5837,Marco Polo,2.0
3434,The Hook Up Plan,2.0
5515,Mar de Plástico,2.0
5244,Noddy Toyland Detective,2.0
5259,Real Rob,2.0
5273,VeggieTales in the City,2.0
5366,Vexed,2.0
5407,Unriddle,2.0
5415,Little Witch Academia,2.0
5423,Pac-Man and the Ghostly Adventures,2.0
5426,Aquarius,2.0
5429,World of Winx,2.0
5446,Flaked,2.0
5539,The Get Down,2.0
5835,Kuromukuro,2.0
5556,Hoff the Record,2.0
5559,Bottersnikes & Gumbles,2.0
5655,AJIN: Demi-Human,2.0
5659,Sense8,2.0
5673,InuYasha,2.0
5693,Lost & Found Music Studios,2.0
5724,Danger Mouse,2.0
5754,Vampire Knight,2.0
5808,Glitter Force,2.0
5828,LEGO Bionicle: The Journey to One,2.0
6872,Gomorrah,2.0
6890,Grand Designs,2.0
6895,Great Interior Design Challenge,2.0
8367,The Investigator: A British Crime Story,2.0
7851,Reggie Yates Outside Man,2.0
8021,Silver Spoon,2.0
8071,Splash and Bubbles,2.0
8148,Taken,2.0
8181,The Adjusters,2.0
8183,The Adventures of Figaro Pho,2.0
8194,The Apartment,2.0
8258,The Cravings,2.0
8272,The Day My Butt Went Psycho!,2.0
8316,The Furchester Hotel,2.0
8424,The Minimighty Kids,2.0
6902,Gunslinger Girl,2.0
8519,The Story of God with Morgan Freeman,2.0
8601,Tobot,2.0
8645,Twin Peaks,2.0
8647,Twirlywoos,2.0
8670,V.R. Troopers,2.0
8680,ViR: The Robot Boy,2.0
8691,Wake Up,2.0
8713,Weird Wonders of the World,2.0
8796,Yu-Gi-Oh! Arc-V,2.0
8797,Yunus Emre,2.0
7801,Psiconautas,2.0
7706,Paranormal Survivor,2.0
7647,Oh No! It's an Alien Invasion,2.0
7587,"Nightmare Tenants, Slum Landlords",2.0
6907,Ha Unlimited,2.0
6923,Happy Valley,2.0
6952,Heavy Rescue: 401,2.0
6964,Herrens veje,2.0
7030,Huntik: Secrets and Seekers,2.0
7034,Hyori's Bed & Breakfast,2.0
7051,I'm Sorry,2.0
7086,Intelligence,2.0
7099,Iron Man: Armored Adventures,2.0
7124,Jeopardy!,2.0
7126,Jericho,2.0
7149,Julius Jr.,2.0
7197,Kikoriki,2.0
7218,Knights of Sidonia,2.0
7308,Limmy's Show!,2.0
7332,LoliRock,2.0
7410,Mars,2.0
7458,Mini Wolf,2.0
7503,Monster Math Squad,2.0
7522,Mr. Young,2.0
7530,Mutant Busters,2.0
5233,Kibaoh Klashers,2.0
5209,Haters Back Off,2.0
5179,Fate/Apocrypha,2.0
3839,The Mechanism,2.0
3737,Fate/Zero,2.0
3747,Black Spot,2.0
3749,El desconocido,2.0
3752,Marlon,2.0
3785,March Comes in Like a Lion,2.0
3788,Bad Blood,2.0
3800,She's Gotta Have It,2.0
3807,Prince of Peoria,2.0
3808,Rosario Tijeras,2.0
3818,White Gold,2.0
3862,Cupcake & Dino - General Services,2.0
4120,The Break,2.0
3871,Code Geass: Lelouch of the Rebellion,2.0
3903,Samantha!,2.0
3938,Imposters,2.0
3972,Ainori Love Wagon: Asian Journey,2.0
3987,The OA,2.0
4015,Robozuna,2.0
4044,Secret City,2.0
4056,Larva Island,2.0
4090,The Big Family Cooking Showdown,2.0
4091,Z4,2.0
3728,The Confession Tapes,2.0
3727,The Casketeers,2.0
3724,Magi: The Labyrinth of Magic,2.0
3723,Go! Live Your Way,2.0
3450,Creeped Out,2.0
3455,Rotten,2.0
3490,Abstract: The Art of Design,2.0
3505,Fastest Car,2.0
3559,Million Pound Menu,2.0
3563,HERO MASK,2.0
3582,MINDHUNTER,2.0
3590,Sacred Games,2.0
3598,Knightfall,2.0
3625,No Good Nick,2.0
3634,The Letdown,2.0
3641,My First First Love,2.0
3668,3Below: Tales of Arcadia,2.0
3685,Kakegurui,2.0
3688,Yummy Mummies,2.0
3693,Hatchimals | Adventures in Hatchtopia,2.0
3701,Scare Tactics,2.0
3706,Instant Hotel,2.0
3708,Motown Magic,2.0
3717,Forest of Piano,2.0
3722,Girls Incarcerated,2.0
4117,Velvet Colección,2.0
4142,Littlest Pet Shop: A World of Our Own,2.0
5176,Lady Dynamite,2.0
4839,Dinosaur King,2.0
4675,The Comedy Lineup,2.0
4744,A Very Secret Service,2.0
4745,SWORDGAI The Animation,2.0
4765,Luna Petunia: Return to Amazia,2.0
4772,The Joel McHale Show with Joel McHale,2.0
4777,Mossad 101,2.0
4778,Baby Ballroom,2.0
4779,Drug Lords,2.0
4781,First Team: Juventus,2.0
4822,Marvel's Luke Cage,2.0
4880,Kong: King of the Apes,2.0
4179,Marvel's The Punisher,2.0
4909,Goodnight DJ 1,2.0
4931,The Magic School Bus Rides Again,2.0
4958,Doctor Foster,2.0
4977,The Standups,2.0
5028,Marseille,2.0
5033,The Frankenstein Chronicles,2.0
5070,The Shannara Chronicles,2.0
5083,Disjointed,2.0
5120,"Hello, My Twenties!",2.0
5175,Glitter Force Doki Doki,2.0
4659,Stretch Armstrong & the Flex Fighters,2.0
4656,Marvel's Iron Fist,2.0
4651,Show Me the Money,2.0
4639,Ingobernable,2.0
4201,Friends from College,2.0
4203,Horrid Henry,2.0
4227,The Paper,2.0
4271,LAST HOPE,2.0
4280,Fate/stay night: Unlimited Blade Works,2.0
4297,Flowers,2.0
4321,Neo Yokio,2.0
4327,The Sound of Your Heart: Reboot,2.0
4360,Spy Kids: Mission Critical,2.0
4368,Sick Note,2.0
4369,Mystery Science Theater 3000: The Return,2.0
4385,Ponysitters Club,2.0
4408,Treehouse Detectives,2.0
4431,Creators,2.0
4470,Fate/EXTRA Last Encore,2.0
4480,Great News,2.0
4495,Making a Murderer,2.0
4504,My Babysitter's a Vampire,2.0
4512,Edgar Rice Burroughs' Tarzan and Jane,2.0
4623,Reboot: The Guardian Code,2.0
4637,American Vandal,2.0
2146,Terrace House: Tokyo 2019-2020,2.0
8804,Zombie Dumb,2.0
1528,Morphle,2.0
2003,Taco Chronicles,2.0
1450,Dream Home Makeover,2.0
264,Mother Goose Club,2.0
884,"Love, Death & Robots",2.0
1994,Signs,2.0
732,Love (ft. Marriage and Divorce),2.0
734,LEGO Friends: The Power of Friendship,2.0
1992,Criminal: UK,2.0
735,Lupin,2.0
1433,The Idhun Chronicles,2.0
1697,Polly Pocket,2.0
479,Biohackers,2.0
1124,Magical Andes,2.0
870,Who Killed Sara?,2.0
1126,Murder Maps,2.0
1128,Prank Encounters,2.0
1779,Kongsuni and Friends,2.0
1130,Secrets of Great British Castles,2.0
1698,Survivor,2.0
1461,Monarca,2.0
93,Into the Night,2.0
2007,Buddi,2.0
2048,Spirit Riding Free: Riding Academy,2.0
504,The Mire,2.0
98,Kid Cosmic,2.0
1770,Voice,2.0
1556,Grizzy et les Lemmings,2.0
1466,The Haunted Hathaways,2.0
500,Dogs,2.0
2041,Transformers: Cyberverse,2.0
101,Tobot Galaxy Detectives,2.0
270,Winx Club,2.0
105,Tayo the Little Bus,2.0
1853,Power Rangers Beast Morphers,2.0
1333,ICarly,2.0
1094,The Big Day,2.0
1339,Hache,2.0
1573,The Big Show Show,2.0
2009,Family Business,2.0
863,Special,2.0
858,The Neighbor,2.0
1693,America's Next Top Model,2.0
750,L.A.’s Finest,2.0
1181,Alien TV,2.0
404,The Movies That Made Us,2.0
1187,B: The Beginning,2.0
759,Feel Good,2.0
781,Ben & Holly's Little Kingdom,2.0
402,Sky Rojo,2.0
213,Rebellion,2.0
1364,Zac and Mia,2.0
773,Summertime,2.0
1829,Unsolved Mysteries,2.0
665,Cleo & Cuquin,2.0
675,Pose,2.0
371,Outer Banks,2.0
1211,Love Alarm,2.0
1642,Sugar Rush Christmas,2.0
666,Deadwind,2.0
1353,Tiffany Haddish Presents: They Ready,2.0
826,Dirty John,2.0
190,Bread Barbershop,2.0
1366,Zig & Sharko,2.0
838,Ragnarok,2.0
1149,Robocar Poli,2.0
1384,Blown Away,2.0
154,Kid-E-Cats,2.0
752,Guru Aur Bhole,2.0
643,The Naked Director,2.0
460,Never Have I Ever,2.0
1606,Check The Store Next Door: The Next Chapter,2.0
649,Too Hot to Handle,2.0
1909,Food Wars!: Shokugeki no Soma,2.0
1612,Are You The One,2.0
454,BEASTARS,2.0
1616,Ink Master,2.0
1376,BONDING,2.0
832,The Least Expected Day: Inside the Movistar Team 2019,2.0
658,The Mole,2.0
1351,Power Rangers Ninja Steel,2.0
1759,LEGO Ninjago,2.0
1650,Great Pretender,2.0
1546,Pup Academy,2.0
539,The A List,2.0
928,Barney and Friends,2.0
75,The World's Most Amazing Vacation Rentals,2.0
511,Between,2.0
1548,Teen Mom 2,2.0
540,The New Legends of Monkey,2.0
512,Chelsea,2.0
1547,Song Exploder,2.0
1544,Black Ink Crew New York,2.0
544,Undercover,2.0
516,Derry Girls,2.0
2123,Stranger,2.0
1747,Can You Hear Me?,2.0
964,The Unremarkable Juanquini,2.0
528,Puffin Rock,2.0
1490,Regiment Diaries,2.0
517,Girl from Nowhere,2.0
536,Some Assembly Required,2.0
554,Mortel,2.0
287,Gabby's Dollhouse,2.0
1315,Chappelle's Show,2.0
2119,Glitch Techs,2.0
518,Good Morning Call,2.0
531,Richie Rich,2.0
697,Black Summer,2.0
2100,Trinkets,2.0
1052,Sonic X,2.0
1013,Luis Miguel - The Series,2.0
1507,Shaun the Sheep,2.0
2063,Blue Exorcist,2.0
912,Sab Jholmaal Hai,2.0
26,Love on the Spectrum,2.0
1005,Izzy's Koala World,2.0
5,Kota Factory,2.0
1552,Hilda,2.0
1549,The Challenge,2.0
88,Titipo Titipo,2.0
721,Rhyme Time Town,2.0
525,Midnight Diner: Tokyo Stories,2.0
18,Falsa identidad,2.0
2081,Thomas and Friends,2.0
2126,Takki,2.0
312,Control Z,2.0
50,Castle and Castle,2.0
1278,Two Sentence Horror Stories,2.0
521,I Think You Should Leave with Tim Robinson,2.0
921,Selena: The Series,2.0
687,Hospital Playlist,2.0
520,I AM A KILLER,2.0
1517,Home for Christmas,2.0
277,Valeria,2.0
924,Trash Truck,2.0
926,Angelina Ballerina,2.0
5656,Chasing Cameron,1.0
698,Elite Short Stories: Carla Samuel,1.0
5801,Kulipari: An Army of Frogs,1.0
5800,Chef's Table: France,1.0
5663,Crazyhead,1.0
681,The Last Dance,1.0
5708,Gilmore Girls: A Year in the Life,1.0
5802,Conspiracy,1.0
5812,Behind Enemy Lines,1.0
5610,Cyborg 009: Call of Justice,1.0
5641,We're Lalaloopsy,1.0
674,No Time for Shame,1.0
5826,La Esclava Blanca,1.0
5824,Edge of the Universe,1.0
5823,Cocaine,1.0
676,REA(L)OVE,1.0
701,Record of Ragnarok,1.0
5803,Dead Set,1.0
679,The Assassination of Gianni Versace,1.0
5807,Witches: A Century of Murder,1.0
5806,The Fierce Wife,1.0
5668,Goodbye My Wife,1.0
5654,My Runway,1.0
680,The Judgement,1.0
700,Katla,1.0
5666,Color of Woman,1.0
5763,Be with Me,1.0
5782,When I See You Again,1.0
5745,Containment,1.0
5742,Trailer Park Boys: Out of the Park: Europe,1.0
5733,Love Now,1.0
5732,Love Me or Leave Me,1.0
5731,Love Family,1.0
5684,White Rabbit Project,1.0
5685,Miss in Kiss,1.0
5730,Love Around,1.0
5687,The Cuba Libre Story,1.0
692,So Not Worth It,1.0
5728,Inborn Pair,1.0
683,Why Are You Like This,1.0
5723,Case,1.0
5721,Einsatzgruppen: The Nazi Death Squads,1.0
5700,Back to 1989,1.0
5717,Paranoid,1.0
5701,Bromance,1.0
5716,La Niña,1.0
5681,Captive,1.0
5678,Tokyo Trial,1.0
5669,Happy And,1.0
5752,DEATH NOTE,1.0
5778,Someone Like You,1.0
5670,Heaven's Garden,1.0
5775,Old Money,1.0
5671,Ice Fantasy,1.0
5672,Immortal Classic,1.0
5772,Murphy's Law of Love,1.0
5770,Masha's Spooky Stories,1.0
5769,Love Cheque Charge,1.0
5767,Fall in Love with Me,1.0
5764,Be with You,1.0
5704,Refresh Man,1.0
5760,StoryBots Super Songs,1.0
5674,K-POP Extreme Survival,1.0
693,The Rational Life,1.0
5676,Miss Panda & Mr. Hedgehog,1.0
682,They've Gotta Have Us,1.0
5753,Spotless,1.0
5729,Just You,1.0
641,Jiva!,1.0
667,Gameboys Level-Up Edition,1.0
6282,Ben 10,1.0
6277,Behzat Ç.,1.0
6276,Behind the Newsroom,1.0
578,Masameer County,1.0
588,Quarantine Tales,1.0
6264,Beating Again,1.0
6263,Beast Legends,1.0
6259,Be-Be-Bears,1.0
6254,Battlefield Recovery,1.0
6253,Battle Creek,1.0
589,Rainbow Rangers,1.0
6250,Bat Pat,1.0
6229,Bangkok Bachelors,1.0
6220,Bala Loca,1.0
6217,Badalte Rishton Ki Dastaan,1.0
618,Young Royals,1.0
6199,Aussie Gold Hunters,1.0
6195,Atomic Puppet,1.0
621,Droppin' Cash: Los Angeles,1.0
622,Legend of Exorcism,1.0
6168,Anjaan: Special Crimes Unit,1.0
6167,Anjaan: Rural Myths,1.0
572,Generation 56k,1.0
6292,Beyblade: Metal Fusion,1.0
5839,Justin Time GO!,1.0
6295,Bh Se Bhade,1.0
6405,Calico Critters,1.0
6402,Cain and Abel,1.0
6399,Cabins in the Wild with Dick Strawbridge,1.0
6390,"Bure Kaam Bura Natija, Kyun Bhai Chacha Haan Bhatija",1.0
6386,Buddha,1.0
6382,Brown Nation,1.0
6379,Bringing Sexy Back,1.0
6372,Brave Miss World,1.0
547,You Are My Spring,1.0
6365,Botched Up Bodies,1.0
548,We the People,1.0
6361,Border Patrol,1.0
6358,Bondi Rescue,1.0
6348,Bob Ross: Beauty Is Everywhere,1.0
6342,Blue Planet II,1.0
6336,Blood & Treasures,1.0
6324,Black Heart,1.0
6320,Bitter Daisies,1.0
550,Big Timber,1.0
566,Bureau of Magical Things,1.0
6296,Bhaage Re Mann,1.0
6162,Ancient Aliens,1.0
6157,An Innocent Mistake,1.0
6147,American Odyssey,1.0
6140,American Experience: The Circus,1.0
648,The Parisian Agency: Exclusive Properties,1.0
5915,Oscar's Oasis,1.0
654,This Is Pop,1.0
5901,Wet Hot American Summer,1.0
5896,Wakfu: The Quest for the Six Eliatrope Dofus,1.0
659,"Nevertheless,",1.0
5886,W/ Bob & David,1.0
5883,Atelier,1.0
5878,Sammy & Co,1.0
5872,Chelsea Does,1.0
5871,Masha's Tales,1.0
660,Bangkok Love Stories: Innocence,1.0
663,Champions,1.0
5867,Cooked,1.0
5864,Your lie in April,1.0
5863,Netflix Presents: The Characters,1.0
664,Charité at War,1.0
5854,Cyborg 009 VS Devilman,1.0
5846,72 Dangerous Places to Live,1.0
5845,72 Cutest Animals,1.0
5844,Hibana: Spark,1.0
5604,Spark,1.0
640,Godzilla Singular Point,1.0
5965,9-Feb,1.0
638,Ray,1.0
626,Somos.,1.0
6133,America's Book of Secrets,1.0
627,Sophie: A Murder in West Cork,1.0
6106,Ainsley Eats the Streets,1.0
6103,Agent Raghav,1.0
628,The Daily Life of the Immortal King,1.0
6101,Age Gap Love,1.0
6095,Africa,1.0
6090,Adam Ruins Everything,1.0
6068,A.D. Kingdom and Empire,1.0
5975,แผนร้ายนายเจ้าเล่ห์,1.0
639,Sex/Life,1.0
6045,A Man Called God,1.0
6038,A Good Wife,1.0
6027,9 Months That Made You,1.0
6025,7 (Seven),1.0
6002,21 Sarfarosh: Saragarhi 1897,1.0
5987,12 Years Promise,1.0
5985,100% Hotter,1.0
5979,Şubat,1.0
5609,White Nights,1.0
2137,Zoids Wild,1.0
5602,Nightmare High,1.0
880,Halston,1.0
5146,Padamu Aku Bersujud,1.0
5145,Oggy and the Cockroaches,1.0
5142,Kantaro: The Sweet Tooth Salaryman,1.0
5140,Dhia Sofea,1.0
887,The Mystic River,1.0
5129,Dawai Asmara,1.0
897,The Upshaws,1.0
5126,Wormwood,1.0
5121,Cheuk Wan-Chi: Two Night Stand,1.0
898,Use For My Talent,1.0
5119,The Indian Detective,1.0
5113,72 Dangerous Animals: Latin America,1.0
5112,Myths & Monsters,1.0
5110,Part-Time Idol,1.0
5106,Wadi,1.0
5104,La Mante,1.0
5101,Dave Chappelle: Equanimity & The Bird Revelation,1.0
5100,The Frozen Dead,1.0
5099,Pokémon: Indigo League,1.0
901,"Money, Explained",1.0
903,Mine,1.0
5096,Fullmetal Alchemist,1.0
5093,Devilman Crybaby,1.0
909,Jupiter's Legacy,1.0
5090,Tundukkan Playboy Itu,1.0
885,Move to Heaven,1.0
5155,The Many Faces of Ito,1.0
5076,Tiempos de guerra,1.0
5156,Trailer Park Boys: Out of the Park: USA,1.0
5220,Seven and Me,1.0
5217,Laws of Attraction,1.0
5216,In Laws,1.0
5211,The Day I Met El Chapo,1.0
843,High on the Hog: How African American Cuisine Transformed America,1.0
848,Mad for Each Other,1.0
5206,The Mist,1.0
5201,Beyond Stranger Things,1.0
5196,Together,1.0
5195,The Truth,1.0
5194,The Little Nyonya,1.0
5193,The Golden Path,1.0
5192,The Family Court,1.0
5186,Alias Grace,1.0
5185,Akulah Balqis,1.0
869,The Magic School Bus,1.0
5174,Blazing Transfer Students,1.0
5171,The Method,1.0
5170,The Irregular at Magic High School,1.0
5169,Shot in the Dark,1.0
875,Booba: Food Puzzle,1.0
877,Alma Matters,1.0
5160,Godless,1.0
5158,Argon,1.0
5157,Bright: The Music Videos,1.0
5078,Godzilla,1.0
5071,Love and Hong Kong,1.0
836,Eden,1.0
961,The Innocent,1.0
4950,Fallet,1.0
966,Yasuke,1.0
4942,Troy,1.0
4934,AMO,1.0
968,Headspace Guide to Sleep,1.0
4927,The Honeymoon Stand Up Special,1.0
4926,The Chalet,1.0
4925,Charité,1.0
4915,海的儿子,1.0
4914,Trio and a Bed,1.0
4911,Moving On,1.0
969,Sexify,1.0
4907,Bobby Kennedy for President,1.0
4904,Black Crows,1.0
4901,Spiritual House,1.0
4899,Simon,1.0
973,Fatma,1.0
4875,A Little Help with Carol Burnett,1.0
4870,The Who Was? Show,1.0
4868,Evil Genius,1.0
989,Let's Fight Ghost,1.0
4863,Saint Seiya: The Lost Canvas,1.0
994,Shadow and Bone,1.0
4857,Dance & Sing with True,1.0
4854,Mob Psycho 100,1.0
4952,Loaded,1.0
4962,Rapture,1.0
919,Lava Ka Dhaava,1.0
958,Pet Stars,1.0
5066,Prison Playbook,1.0
920,The Sons of Sam: A Descent into Darkness,1.0
5058,Retribution,1.0
5049,Coach Snoop,1.0
5047,Valor,1.0
5039,Re:Mind,1.0
5037,Everything Sucks!,1.0
5031,Hitler's Circle of Evil,1.0
5030,Seven Seconds,1.0
5027,Best Lover,1.0
5005,21 Thunder,1.0
5001,Flint Town,1.0
4998,Borderliner,1.0
4995,Bad Guys: Vile City,1.0
4993,Collateral,1.0
4992,A.I.C.O.,1.0
4989,Children of the Whales,1.0
4986,Tabula Rasa,1.0
4985,Secret of the Nile,1.0
4981,Wild Wild Country,1.0
4979,Edha,1.0
937,Miniforce: Super Dino Power,1.0
4974,Requiem,1.0
4969,James Acaster: Repertoire,1.0
4968,Trump: An American Dream,1.0
5232,ID-0,1.0
5237,Beyblade Burst,1.0
5599,Love for Ten: Generation of Youth,1.0
5489,All Hail King Julien: Exiled,1.0
5478,Highland: Thailand's Marijuana Awakening,1.0
724,The American Bible Challenge,1.0
5466,The Dream Job,1.0
5465,The Day Will Come,1.0
726,Elite Short Stories: Guzmán Caye Rebe,1.0
5459,Miniforce,1.0
5458,Mind Game,1.0
727,Metallica: Some Kind of Monster,1.0
5445,Crashing,1.0
5440,My Only Love Song,1.0
5439,Under the Black Moonlight,1.0
5438,Singles Villa,1.0
5437,My Little Baby,1.0
5436,Man to Man,1.0
5435,Magic Phone,1.0
5434,28 Moons,1.0
738,Trese,1.0
745,Locombianos,1.0
5414,Gypsy,1.0
749,"Fresh, Fried & Crispy",1.0
5411,Yours Fatefully,1.0
5410,Yes We Can!,1.0
5408,World at Your Feet,1.0
5406,The Ultimatum,1.0
5405,The Truth Seekers,1.0
6408,Call Me Francis,1.0
5510,Jumping Girl,1.0
5402,Spice Up,1.0
5511,President,1.0
707,Elite Short Stories: Omar Ander Alexis,1.0
5593,The Sound of Your Heart,1.0
5592,Legend Quest,1.0
5586,Tong: Memories,1.0
5584,Love Is in the Air,1.0
5581,One More Time,1.0
5579,Buddy Thunderstruck,1.0
5576,Cheer Squad,1.0
5570,Samurai Gourmet,1.0
708,Let's Eat,1.0
5567,Julie's Greenroom,1.0
5564,One-Punch Man,1.0
5563,Dave Chappelle,1.0
711,Penguin Town,1.0
714,Avengers Climate Conundrum,1.0
5555,Five Came Back,1.0
5543,Burned Cocoon,1.0
715,Beyond Evil,1.0
5538,The Miracle,1.0
716,Elite Short Stories: Nadia Guzmán,1.0
5522,Hot Girls Wanted: Turned On,1.0
5521,Girlboss,1.0
5520,Fangbone,1.0
720,Power Rangers Dino Fury,1.0
5514,What in the World Happened?,1.0
5404,The Oath,1.0
5400,Mystic Whispers,1.0
5238,Equestria Girls: Tales of Canterlot High,1.0
5322,Marvel's The Defenders,1.0
772,Pretty Guardian Sailor Moon Eternal The Movie,1.0
5302,LEGO Elves: Secrets of Elvendale,1.0
5300,High Risk,1.0
5299,Gurren Lagann,1.0
5298,FINAL FANTASY XIV Dad of Light,1.0
5290,A House of Blocks,1.0
5289,A Boy Name Flora A,1.0
5287,Frequency,1.0
779,Attack on Titan,1.0
5285,No Tomorrow,1.0
5281,Fire Chasers,1.0
5279,Apaches,1.0
804,Ouran High School Host Club,1.0
806,Racket Boys,1.0
814,The Adventures of Sonic the Hedgehog,1.0
5260,Satu Hari,1.0
5258,Paul Hollywood's Big Continental Road Trip,1.0
5255,Mak Cun,1.0
5252,The Royal House of Windsor,1.0
5251,What She Put on the Table,1.0
5248,The Dream Catchers,1.0
5247,Sudden,1.0
833,Word of Honor,1.0
834,Black Space,1.0
5243,Justice in the City,1.0
768,Creator's File: GOLD,1.0
5325,20 Minutes,1.0
5398,Learning Songs by Little Baby Bum: Nursery Rhyme Friends,1.0
5328,Million Yen Women,1.0
5394,Breakout,1.0
5393,Barbie Life in the Dreamhouse,1.0
5391,Against the Tide,1.0
5389,46,1.0
5387,The Legend of Bruce Lee,1.0
5385,Qin Empire: Alliance,1.0
5384,King’s War,1.0
5383,Diamond Lover,1.0
754,"Newly Rich, Newly Poor",1.0
5373,Ari Shaffir: Double Negative,1.0
5368,Daughters of Destiny,1.0
5367,World War II in Colour,1.0
762,Human: The World Within,1.0
764,Sweet Tooth,1.0
5363,The In-Laws,1.0
5361,Surviving Escobar - Alias JJ,1.0
5357,Love Storm,1.0
5356,Locust,1.0
5355,Life Plan A and B,1.0
5353,"Have You Ever Fallen in Love, Miss Jiang?",1.0
5351,Fartsa,1.0
5350,Entangled,1.0
5349,Close Your Eyes Before It’s Dark,1.0
5348,Bountiful Blessings,1.0
5346,Wet Hot American Summer: Ten Years Later,1.0
5480,The Keepers,1.0
6560,Dandy,1.0
6409,Camelia la Texana,1.0
7949,Save Our Shelter,1.0
7919,Sadqay Tumhare,1.0
7909,Russell Peters vs. the World,1.0
7898,Rubi,1.0
194,D.P.,1.0
195,Deadly Sins,1.0
7879,Robotech,1.0
7873,Rishta.com,1.0
198,I Heart Arlo,1.0
199,King of Boys: The Return of the King,1.0
7865,Revolting Rhymes,1.0
7863,Revenge,1.0
219,Titletown High,1.0
220,EDENS ZERO,1.0
223,Clickbait,1.0
7841,Rebelde,1.0
7839,Reality of Dream,1.0
7836,Razia Sultan,1.0
7829,Ramayan,1.0
7816,Rab Se Sohna Isshq,1.0
7814,Queens vs. Kings,1.0
7813,Queens of Comedy,1.0
7811,Queen of No Marriage,1.0
7809,Qué pena tu serie,1.0
224,John of God: The Crimes of a Spiritual Healer,1.0
225,Motel Makeover,1.0
7943,Satrangi,1.0
188,The Ingenuity of the Househusband,1.0
7796,Prince Jai Aur Dumdaar Viru,1.0
7969,Secret Affair,1.0
8122,Super Bheem,1.0
8118,Suits,1.0
8110,Strongland,1.0
8108,Strong Girl Bong-soon,1.0
8103,Strawberry Shortcake: Berry Bitty Adventures,1.0
8098,Storage Wars: Northern Treasures,1.0
8095,Stone Age,1.0
8094,Stoked,1.0
8086,Station Horizon,1.0
8084,Star-Crossed,1.0
149,HQ Barbers,1.0
8063,Space Racers,1.0
8059,Sotus The Series,1.0
8041,Slobby's World,1.0
8032,Skin Wars: Fresh Paint,1.0
166,Oldsters,1.0
182,Turning Point: 9/11 and the War on Terror,1.0
8022,Sin senos no hay paraíso,1.0
185,Sparking Joy,1.0
8016,Sid the Science Kid,1.0
187,Hometown Cha-Cha-Cha,1.0
7994,Shaka Zulu,1.0
7992,Shadow of Truth,1.0
7985,Servant of the People,1.0
7983,Sensitive Skin,1.0
7799,Prohibition: A Film by Ken Burns and Lynn Novick,1.0
7787,Power Rangers: Megaforce,1.0
7573,Nature's Great Events: Diaries,1.0
7719,Pawn Stars,1.0
244,Everything Will Be Fine,1.0
246,Korean Cold Noodle Rhapsody,1.0
7699,Pajanimals,1.0
7694,Pacific Heat,1.0
7690,P. King Duckling,1.0
249,The Chair,1.0
7676,Operation Proposal,1.0
7675,Operation Ouch!,1.0
7672,Operation Gold Rush,1.0
7667,One Strange Rock,1.0
7650,Ollie & Moon,1.0
7649,Oliver Stone's Untold History of the United States,1.0
261,The Defeated,1.0
7641,OCTB,1.0
7633,"O-Negative, Love Can’t Be Designed",1.0
7630,Nurses Who Kill,1.0
7628,Nura: Rise of the Yokai Clan: Demon Capital,1.0
7625,Nuestra Lucha Libre,1.0
7624,NSU German History X,1.0
7598,North & South,1.0
7594,Nobel,1.0
7590,Ninja Turtles: The Next Mutation,1.0
7589,Ninja Hattori,1.0
266,Rascal Does Not Dream of Bunny Girl Senpai,1.0
267,The Creative Indians,1.0
7711,Pasión de Gavilanes,1.0
243,Comedy Premium League,1.0
7786,Power Rangers Zeo,1.0
235,Oggy Oggy,1.0
7785,Power Rangers Wild Force,1.0
7784,Power Rangers Turbo,1.0
7783,Power Rangers Time Force,1.0
7780,Power Rangers Super Samurai,1.0
7778,Power Rangers Super Megaforce,1.0
7774,Power Rangers Samurai,1.0
7773,Power Rangers S.P.D.,1.0
7772,Power Rangers RPM,1.0
7771,Power Rangers Operation Overdrive,1.0
7770,Power Rangers Ninja Storm,1.0
7769,Power Rangers Mystic Force,1.0
7768,Power Rangers Lost Galaxy,1.0
7767,Power Rangers Lightspeed Rescue,1.0
7766,Power Rangers Jungle Fury,1.0
7765,Power Rangers in Space,1.0
7764,Power Rangers Dino Thunder,1.0
7763,Power Rangers Dino Super Charge,1.0
7762,Power Rangers Dino Charge,1.0
7761,Power Battle Watch Car,1.0
7760,Powder,1.0
226,Open Your Eyes,1.0
7749,Planet Earth: The Complete Collection,1.0
7748,Planet Earth II,1.0
7744,Pioneers of African-American Cinema,1.0
227,Post Mortem: No One Dies in Skarnes,1.0
148,How to Be a Cowboy,1.0
8130,SuperNature: Wild Flyers,1.0
8133,Surviving R. Kelly Part II: The Reckoning,1.0
41,He-Man and the Masters of the Universe,1.0
48,The Smart Money Woman,1.0
8597,Tip the Mouse,1.0
8594,Timeline,1.0
8593,Timeless Season,1.0
8589,Tientsin Mystic,1.0
8576,This Is My Love,1.0
8575,ThirTEEN Terrors,1.0
8568,The Year of Happiness and Love,1.0
8561,The Womanizer,1.0
51,Dharmakshetra,1.0
8552,The War: A Film by Ken Burns and Lynn Novick,1.0
8550,The Vietnam War: A Film by Ken Burns and Lynn Novick,1.0
8546,The Universe,1.0
8545,The Underwear,1.0
67,Raja Rasoi Aur Anya Kahaniyan,1.0
70,Stories by Rabindranath Tagore,1.0
8534,The Traffickers,1.0
8524,The Super Mario Bros. Super Show!,1.0
8520,The Story of Us with Morgan Freeman,1.0
71,Too Hot To Handle: Latino,1.0
8504,The Seventies,1.0
8491,The Road to Calvary,1.0
8483,The Returned,1.0
8477,The Real Football Factories,1.0
8475,The Rap Game,1.0
8605,Top 10 Secrets and Mysteries,1.0
8610,Towies,1.0
8138,Swami Baba Ramdev: The Untold Story,1.0
8634,Trotsky,1.0
8801,Zindagi Gulzar Hai,1.0
4,Jailbirds New Orleans,1.0
6,Midnight Mass,1.0
8786,YOM,1.0
8784,Yoko,1.0
8781,Yo-Kai Watch,1.0
8776,Yeh Meri Family,1.0
8759,World's Busiest Cities,1.0
11,"Vendetta: Truth, Lies and The Mafia",1.0
8750,Winter Sun,1.0
8748,Winsanity,1.0
8742,Wild Arabia,1.0
8741,Wild Alaska,1.0
8737,Who's the One,1.0
12,Bangkok Breaking,1.0
8722,What Is Love?,1.0
8721,What Happens to My Family,1.0
15,Crime Stories: India Detectives,1.0
8701,Wartime Portraits,1.0
20,Jaguar,1.0
21,Monsters Inside: The 24 Faces of Billy Milligan,1.0
32,Chicago Party Aunt,1.0
34,Squid Game,1.0
35,Tayo and Little Wizards,1.0
38,Angry Birds,1.0
8472,The Pyramid Code,1.0
77,Yowamushi Pedal,1.0
8440,The Nineties,1.0
8438,The Netflix Afterparty,1.0
109,Dive Club,1.0
8263,The Curse of Oak Island,1.0
111,Money Heist: From Tokyo to Berlin,1.0
8251,The Code,1.0
8244,The Chefs' Line,1.0
8236,The Calling,1.0
8217,The Bomb Squad,1.0
8215,The Blue Planet: A Natural History of the Oceans,1.0
8210,The Big Catch,1.0
8209,The Bible's Buried Secrets,1.0
8208,The Beginning of Life: The Series,1.0
8207,The Beat,1.0
8200,The Bachelor,1.0
112,Sharkdog,1.0
121,Heroes of Goo Jit Zu,1.0
122,Hotel Del Luna,1.0
124,Luv Kushh,1.0
8176,The 2000s,1.0
126,Q-Force,1.0
8174,Thackeray,1.0
8173,Th Eena Meena Deeka Chase Comedy Show,1.0
8166,Teresa,1.0
8149,Tales of the City (1993),1.0
133,Brave Animated Series,1.0
8144,Sym-Bionic Titan,1.0
8278,The Devil Is a Part-Timer!,1.0
8283,The Drunk and on Drugs Happy Funtime Hour,1.0
8288,The Eighties,1.0
8374,The Jungle Book,1.0
8432,The Murder Detectives,1.0
8430,The Most Beautiful Hands of Delhi,1.0
8429,The Mortified Guide,1.0
84,Metal Shop Masters,1.0
86,Pokémon Master Journeys: The Series,1.0
8422,The Messengers,1.0
8412,The Making of Frozen Planet,1.0
8398,The Lizzie Borden Chronicles,1.0
8393,The Liar,1.0
8380,The Lady in Dignity,1.0
8377,The Kindness Diaries,1.0
8372,The Jaime Maussan Show,1.0
8294,The Fear,1.0
8369,The Irish Mob,1.0
99,Octonauts: Above & Beyond,1.0
8354,The Hunt,1.0
100,On the Verge,1.0
8348,The Homecoming,1.0
8337,The Guild,1.0
8335,The Great Train Robbery,1.0
8322,The Golden Years with Javed Akhtar,1.0
8317,The Future of Water,1.0
103,Countdown: Inspiration4 Mission to Space,1.0
8303,The Five,1.0
7574,Nature's Great Race,1.0
7572,Nature's Great Events (2009),1.0
6412,Camp X,1.0
6850,Ghost Town Gold,1.0
6839,Geronimo Stilton,1.0
6837,Gentlemen and Gangsters,1.0
6836,Genius of the Modern World,1.0
6835,Genius of the Ancient World,1.0
6828,Gargantia on the Verdurous Planet,1.0
6826,Gangs of Hassepur,1.0
6825,Game Winning Hit,1.0
466,Heist,1.0
6821,Gabru: Hip Hop Revolution,1.0
6811,Frozen Planet,1.0
467,My Unorthodox Life,1.0
473,Ridley Jones,1.0
6792,Four Seasons in Havana,1.0
6789,Forget Me Not,1.0
6786,Forces of Nature,1.0
6783,For the Win,1.0
6775,Footprints in the Sand,1.0
6774,Food: Delicious Science,1.0
6771,Flowering Heart,1.0
483,How to Become a Tyrant,1.0
488,The Cook of Castamar,1.0
491,Elize Matsunaga: Once Upon a Crime,1.0
6745,Fear Files... Har Mod Pe Darr,1.0
494,RESIDENT EVIL: Infinite Darkness,1.0
6742,Fatal Destiny,1.0
6842,Get Shorty,1.0
6858,Glowing Embers,1.0
6732,Fairy Tail,1.0
457,Her Private Life,1.0
6982,Hogie the Globehopper,1.0
6977,History's Greatest Hoaxes,1.0
6975,Historia de un clan,1.0
377,Transformers: War for Cybertron: Kingdom,1.0
380,Tattoo Redo,1.0
382,The Snitch Cartel: Origins,1.0
6966,Hidden Singer,1.0
389,Plastic Cup Boyz: Laughing My Mask Off!,1.0
398,Feels Like Ishq,1.0
6954,Helix,1.0
400,Masters of the Universe: Revelation,1.0
401,Revelations: The Masters of the Universe: Revelation Aftershow,1.0
6938,Hati Perempuan,1.0
6933,Harry & Bunnie,1.0
6931,Harold Shipman - Driven to Kill,1.0
6924,Happyish,1.0
6920,Happy 300 Days,1.0
431,Sexy Beasts,1.0
432,Too Hot to Handle: Brazil,1.0
435,Okupas,1.0
6896,Great Yellowstone Thaw,1.0
436,Touch Your Heart,1.0
443,Johnny Test,1.0
445,Naomi Osaka,1.0
6874,Gonul,1.0
6733,Fake or Fortune?,1.0
6729,Ezel,1.0
7570,NATURE: Natural Born Hustlers,1.0
6569,Darr Sabko Lagta Hai,1.0
6557,Dance Academy,1.0
6543,Crime Time,1.0
6539,Court Justice,1.0
6533,Cooking on High,1.0
6525,Conan Without Borders,1.0
6521,Comedy High School,1.0
6515,Cold Case Files Classic,1.0
6514,Cold Case Files,1.0
6510,Club Friday To Be Continued - The Promise,1.0
6509,Club Friday To Be Continued - My Beautiful Tomboy,1.0
6508,Club Friday To Be Continued - Friend & Enemy,1.0
6499,Click for Murder,1.0
6496,Classic Legends,1.0
6491,Civilizations,1.0
6488,City in the Sky,1.0
6484,Chuck Chicken,1.0
6478,Christiane Amanpour: Sex & Love Around the World,1.0
6470,Chill with Bob Ross,1.0
6460,Chewin' the Fat,1.0
6456,Cheapest Weddings,1.0
6431,Castle of Stars,1.0
6427,Case Closed,1.0
6421,Care Bears: Welcome to Care-a-Lot,1.0
6417,Cannabis,1.0
6414,Can We Get Married?,1.0
4849,Something in the Rain,1.0
6572,Day and Night,1.0
498,Cat People,1.0
6588,Deep Water,1.0
6719,Exclusive Edition,1.0
6718,Ex-Boyfriend,1.0
6715,Everyday Miracles,1.0
6710,Eurovision Song Contest,1.0
6698,Enemigo íntimo,1.0
6696,Encounters with Evil,1.0
6694,Encerrados,1.0
6691,Emogenius,1.0
6677,El Clon,1.0
6675,El Chavo,1.0
6674,El Cartel 2,1.0
6673,El Cartel,1.0
6664,Easy Fortune Happy Life,1.0
6661,Earth's Natural Wonders: Life at the Extremes,1.0
6660,Earth's Natural Wonders,1.0
6659,Earth to Luna!,1.0
6653,Dueños del paraíso,1.0
6652,"Drugs, Inc.",1.0
6647,Dramaworld,1.0
6636,Doomsday Preppers,1.0
6619,Diva Brides,1.0
6614,Dino Hunt,1.0
6612,Dinner for Five,1.0
505,The War Next-door,1.0
6602,Devlok with Devdutt Pattanaik,1.0
6999,Horror Homes,1.0
7007,Hotel Beau Séjour,1.0
7018,How to Live Mortgage Free with Sarah Beeny,1.0
7409,Married at First Sight,1.0
7393,Man vs Wild with Sunny Leone,1.0
7386,Mahmut & Meryem,1.0
7384,Mahi Way,1.0
7383,Maharakshak: Aryan,1.0
7382,Maharakshak Devi,1.0
7377,Magi: Adventure of Sinbad,1.0
7376,Maggie & Bianca: Fashion Friends,1.0
288,I Need Romance,1.0
7360,Lucky Days,1.0
7354,Love Your Garden,1.0
7350,Love Rhythms - Accidental Daddy,1.0
7349,Love Rain,1.0
7344,Love Cuisine,1.0
289,Las muñecas de la mafia,1.0
7341,Los tiempos de Pablo Escobar,1.0
7339,Los 10 años de Peter Capusotto,1.0
7334,London Spy,1.0
290,The Crowned Clown,1.0
7326,Lo que la vida me robó,1.0
7325,Lo que la verdad esconde: El caso Asunta (Operacion Nenúfar),1.0
292,SHAMAN KING,1.0
7313,Little Lunch,1.0
297,Hit & Run,1.0
7302,Life Story,1.0
7301,Life on Location,1.0
7405,Marching Orders,1.0
281,Bake Squad,1.0
7025,Humsafar,1.0
7419,Mary Portas: Secret Shopper,1.0
7569,Nature: Animals With Cameras,1.0
7552,Mystery Science Theater 3000,1.0
7548,My Tattoo Addiction,1.0
7541,My Life My Story,1.0
7539,My Hotter Half,1.0
272,Brand New Cherry Flavor,1.0
274,Gone for Good,1.0
276,The Kingdom,1.0
7506,Monty Don's Italian Gardens,1.0
7505,Monty Don's French Gardens,1.0
7486,Monkey Planet,1.0
7484,Money for Nothing,1.0
7481,Momo Salon,1.0
7469,Miss Rose,1.0
7464,Miss Dynamite,1.0
7460,Minute to Win It,1.0
278,AlRawabi School for Girls,1.0
7456,Mighty Morphin Alien Rangers,1.0
7454,Midnight Misadventures With Mallika Dua,1.0
7450,Mexico Diseña,1.0
7448,Merlí,1.0
7447,Mere Papa Hero Hiralal,1.0
7439,Melodies of Life - Born This Way,1.0
7437,MegaTruckers,1.0
7436,Mega Food,1.0
7298,License to Drill: Louisiana,1.0
298,Navarasa,1.0
7292,Leo & Tig,1.0
7289,Lego Friends: Girls on a Mission,1.0
7144,Juana Inés,1.0
7143,Juana Brava,1.0
7141,Jonathan Strange & Mr Norrell,1.0
7132,JingleKids,1.0
7130,Jhansi Ki Rani,1.0
321,Top Secret UFO Projects: Declassified,1.0
322,Two Fathers,1.0
7121,Japanese Style Originator,1.0
7113,Jack Taylor,1.0
7102,마녀사냥,1.0
7101,Islands of the Future,1.0
323,You're My Destiny,1.0
332,Darwin’s Game,1.0
7084,Inst@famous,1.0
7083,Inside the Mossad,1.0
7082,Inside the Mind of a Serial Killer,1.0
7081,Inside The Freemasons,1.0
7070,India: Nature's Wonderland,1.0
7060,In Between,1.0
7055,Idiotest,1.0
365,Centaurworld,1.0
7040,I Am Me!,1.0
369,Khawatir,1.0
370,Myth & Mogul: John DeLorean,1.0
7029,Hunters of the South Seas,1.0
320,The Prince Who Turns into a Frog,1.0
7156,K,1.0
7158,Kaçak,1.0
7236,Krishna Balram,1.0
311,Cocaine Cowboys: The Kings of Miami,1.0
7286,Legends of Strength,1.0
7280,Learning Time with Timmy,1.0
7269,Last,1.0
7265,"Lady, la vendedora de rosas",1.0
7259,La Viuda Negra,1.0
7258,La Rosa de Guadalupe,1.0
7257,La Piloto,1.0
7256,La Femme,1.0
313,Cooking With Paris,1.0
7246,Kurt Seyit & Sura,1.0
7223,Kon Kon Kon,1.0
7176,Ken Burns: The Civil War,1.0
314,Autumn's Concerto,1.0
7216,Kitten Rescuers,1.0
7215,Kiss The Series,1.0
7210,Kingdoms of the Sky,1.0
317,Office Girls,1.0
7188,Khotey Sikkey,1.0
7186,Khelti Hai Zindagi Aankh Micholi,1.0
7185,Khan: No. 1 Crime Hunter,1.0
7183,Khaani,1.0
7178,Ken Burns: The West,1.0
7177,Ken Burns: The Roosevelts: An Intimate History,1.0
998,Life in Color with David Attenborough,1.0
4753,Smoking,1.0
4847,The Break with Michelle Wolf,1.0
1722,A Lion in the House,1.0
3088,Yanxi Palace: Princess Adventures,1.0
1717,Aunty Donna's Big Ol' House of Fun,1.0
1718,The Liberator,1.0
3085,Rainbow Ruby,1.0
3084,Pucca: Love Recipe,1.0
1719,Trial 4,1.0
3080,ARASHI's Diary -Voyage-,1.0
3077,The Bride of Habaek,1.0
3076,Spinning Out,1.0
3075,Save Me,1.0
3072,Reply 1988,1.0
3068,"Nisman: The Prosecutor, the President, and the Spy",1.0
3066,Messiah,1.0
2892,Gentefied,1.0
3064,Live Up To Your Name,1.0
3057,Chhota Bheem Kung Fu Dhamaka Series,1.0
3056,Cells at Work!,1.0
3054,Border Security: America's Front Line,1.0
3053,Because This Is My First Life,1.0
3051,Thieves of the Wood,1.0
3050,"Sex, Explained",1.0
1723,DASH & LILY,1.0
3046,Dracula,1.0
3043,Cheer,1.0
3041,Until Dawn,1.0
1724,Bakugan: Armored Alliance,1.0
3089,The Disastrous Life of Saiki K.: Reawakened,1.0
3093,Kevin Hart: Don’t F**k This Up,1.0
3096,The Bonfire of Destiny,1.0
1716,A Queen Is Born,1.0
3188,Nightflyers,1.0
3186,The Road to Love,1.0
3185,The Prince of Tennis ~ Match! Tennis Juniors ~,1.0
1673,Voices of Fire,1.0
3183,V Wars,1.0
3178,Triad Princess,1.0
3177,Three Days of Christmas,1.0
3176,The Confession Killer,1.0
1685,Holiday Home Makeover with Mr. Christmas,1.0
3174,Teasing Master Takagi-san,1.0
1689,We Are the Champions,1.0
3166,Astronomy Club: The Sketch Show,1.0
1694,Beyblade Burst Rise,1.0
3138,Girls und Panzer,1.0
3131,"Crazy, Lovely, Cool",1.0
3130,Crash Landing on You,1.0
3128,Cinderella and the Four Knights,1.0
3123,Soundtrack,1.0
3122,Don't F**k with Cats: Hunting an Internet Killer,1.0
3120,Twice Upon A Time,1.0
3118,The Witcher,1.0
3112,Agent,1.0
1707,The Minions of Midas,1.0
1709,Ethos,1.0
1712,Graceful Friends,1.0
3038,Medical Police,1.0
3037,Jamtara - Sabka Number Ayega,1.0
1725,Bakugan: Battle Planet,1.0
1749,60 Days In,1.0
2967,Pop Team Epic,1.0
2966,No Game No Life,1.0
1755,Forged in Fire,1.0
2960,Itaewon Class,1.0
2959,Is It Wrong to Try to Pick Up Girls in a Dungeon?,1.0
1757,LEGO Jurassic World: Legend of Isla Nublar,1.0
2949,The Pharmacist,1.0
1758,LEGO Jurassic World: Secret Exhibit,1.0
2946,Cagaster of an Insect Cage,1.0
2945,Who Killed Malcolm X?,1.0
2943,My Holo Love,1.0
2942,Locke & Key,1.0
1761,LEGO: CITY Adventures,1.0
1767,The Good Detective,1.0
2924,Sleepless Society: Insomnia,1.0
2923,Palazuelos mi rey,1.0
1772,Afronta! Facing It!,1.0
2921,Love Is Blind,1.0
2918,Taj Mahal 1989,1.0
2911,Talking Tom and Friends,1.0
2907,On the Real,1.0
2903,DreamWorks Shrek's Swamp Stories,1.0
2901,Spectros,1.0
2895,Puerta 7,1.0
2894,Passion. Panache. Pep,1.0
2968,Shopkins,1.0
2975,Luna Nera,1.0
3035,Giri / Haji,1.0
2978,Ainori Love Wagon: African Journey,1.0
3034,AJ and the Queen,1.0
3031,The Healing Powers of Dude,1.0
3029,The Ollie & Moon Show,1.0
3025,Killer Inside: The Mind of Aaron Hernandez,1.0
3021,Soul Eater,1.0
3016,Handsome Siblings,1.0
1727,Country Ever After,1.0
3013,Nailed It! Germany,1.0
1731,Wrong Kind of Black,1.0
3011,Ares,1.0
3006,DreamWorks How to Train Your Dragon Legends,1.0
3002,Playing with Fire,1.0
3001,Pandemic: How to Prevent an Outbreak,1.0
3000,The Ghost Bride,1.0
1734,Carmel: Who Killed Maria Marta?,1.0
2998,October Faction,1.0
1738,Paranormal,1.0
2994,The goop lab with Gwyneth Paltrow,1.0
1741,Love & Anarchy,1.0
2992,Rise of Empires: Ottoman,1.0
2985,Omniscient,1.0
2984,Night on Earth,1.0
2983,Find Yourself,1.0
2981,What the Love! with Karan Johar,1.0
2980,THE STRANGER,1.0
1671,Mismatched,1.0
1669,Heart & Soul,1.0
3205,Chocolate,1.0
3421,Second 20s,1.0
3416,THE UNLISTED,1.0
1563,Alice in Borderland,1.0
1565,Futmalls.com,1.0
1571,Once Upon a Time,1.0
3405,MONKART,1.0
3404,Mighty Little Bheem: Diwali,1.0
3401,Interior Design Masters,1.0
3394,"ChuChu TV Kids Songs, Learning Videos & Bedtime Stories",1.0
3386,"Breakfast, Lunch & Dinner",1.0
3383,Daybreak,1.0
3382,The Untamed,1.0
3379,Nailed It! Spain,1.0
3378,Nailed It! France,1.0
3376,Monzón: A Knockout Blow,1.0
3374,Drug Squad: Costa del Sol,1.0
3371,Brotherhood,1.0
1575,The Surgeon's Cut,1.0
3369,A Little Thing Called First Love,1.0
3368,"Wait, My Youth",1.0
3364,Shine On with Reese,1.0
3362,Tunnel,1.0
3361,Tomorrow with You,1.0
3359,"Bring It On, Ghost",1.0
3358,Sleepless Society: Bedtime Wishes,1.0
3357,Nowhere Man,1.0
3417,Another Miss Oh,1.0
3424,Black Money Love,1.0
3353,We Are the Wave,1.0
3427,The Lies Within,1.0
3503,Criminal: Germany,1.0
3502,Criminal: France,1.0
3500,Vagabond,1.0
3489,The Inmate,1.0
3482,Bard of Blood,1.0
3475,The Liar and His Lover,1.0
3474,The K2,1.0
3471,Miniforce X,1.0
3468,Inmates,1.0
3467,Girls Hostel,1.0
3465,Engineering Girls,1.0
3464,College Romance,1.0
3463,Chicago Typewriter,1.0
3462,Cheese in the Trap,1.0
3459,Living Undocumented,1.0
3458,Seis Manos,1.0
3454,Raising Dion,1.0
1553,Tiny Pretty Things,1.0
1555,Children of Adam,1.0
3446,My Country: The New Age,1.0
3445,Legend Quest: Masters of Myth,1.0
3441,Rhythm + Flow,1.0
3438,Ultramarine Magmell,1.0
3436,Beyblade Burst Turbo,1.0
1560,The Mess You Leave Behind,1.0
1579,Juman,1.0
3352,Vientos de agua,1.0
1662,Strongest Deliveryman,1.0
3278,My Sassy Girl,1.0
1635,The Uncanny Counter,1.0
3275,La Robe De Mariee Des Cieux,1.0
1639,Fabulous Lives of Bollywood Wives,1.0
3271,Inheritors,1.0
3270,I'm with the Band: Nasty Cherry,1.0
3264,At the Dolphin Bay,1.0
3259,Candy Online,1.0
3258,Miss Culinary,1.0
3256,Who Killed Little Gregory?,1.0
3253,Holiday Secrets,1.0
3250,Bangkok Buddies,1.0
1641,Over Christmas,1.0
3246,Singapore Social,1.0
3244,Nobody's Looking,1.0
3243,Narcoworld: Dope Stories,1.0
3239,Dolly Parton's Heartstrings,1.0
3237,Once Upon A Time In Lingjian Mountain,1.0
3233,Zona Rosa,1.0
1655,Before 30,1.0
3223,Mythomaniac,1.0
3222,Merry Happy Whatever,1.0
3221,Lugar de Mulher,1.0
3220,Levius,1.0
3217,The Charming Stepmom,1.0
1659,Valentino,1.0
3277,My MVP Valentine,1.0
3280,The Club,1.0
1584,100 Days My Prince,1.0
3282,The Stranded,1.0
1586,Manhunt: Deadly Games,1.0
3343,Queer Eye: We're in Japan!,1.0
1587,Room 2806: The Accusation,1.0
3341,Maid-Sama!,1.0
1588,Detention,1.0
1590,Bhaag Beanie Bhaag,1.0
1594,Kings of Jo'Burg,1.0
1604,Alien Worlds,1.0
3329,Ad Vitam,1.0
3328,A Year In Space,1.0
3317,Bella and the Bulldogs,1.0
3314,The Devil Next Door,1.0
1615,Gormiti,1.0
3302,SCAMS,1.0
1620,Oddbods,1.0
3296,Green Eggs and Ham,1.0
3295,Greatest Events of WWII in Colour,1.0
1624,The Bachelorette,1.0
3292,Put Your Head on My Shoulder,1.0
1626,The Guest,1.0
3288,Maradona in Mexico,1.0
3287,My Dear Warrior,1.0
3285,Westside Story,1.0
1628,The Holiday Movies That Made Us,1.0
1629,The Repair Shop,1.0
2893,Hyena,1.0
2891,Unabomber - In His Own Words,1.0
1542,The Ripper,1.0
2067,Erased,1.0
2410,Reality Z,1.0
2409,My Mister,1.0
2407,Lenox Hill,1.0
2045,Away,1.0
2405,Curon,1.0
2402,The Woods,1.0
2401,The Search,1.0
2397,Frank Elstner: Just One Last Question,1.0
2054,Young Wallander,1.0
2055,Chef's Table: BBQ,1.0
2059,The Witcher: A Look Inside the Episodes,1.0
2064,Bookmarks,1.0
2069,Felipe Esparza: Bad Decisions,1.0
2889,"Hi Bye, Mama!",1.0
2071,Heidi,1.0
2358,Floor Is Lava,1.0
2079,The Promised Neverland,1.0
2350,It's Okay to Not Be Okay,1.0
2344,Crazy Delicious,1.0
2338,Twogether,1.0
2332,Home Game,1.0
2330,All For Love,1.0
2086,I AM A KILLER: RELEASED,1.0
2323,Homemade,1.0
2321,BNA,1.0
2319,Trotro,1.0
2043,Cleverman,1.0
2038,Record of Youth,1.0
2034,La Línea: Shadow of Narco,1.0
2033,Get Organized with The Home Edit,1.0
2526,Parasyte: The Maxim,1.0
1989,The Last Word,1.0
1991,Challenger,1.0
2523,Inhuman Resources,1.0
2519,Iris,1.0
2518,Boys Over Flowers,1.0
2515,The Big Flower Fight,1.0
2509,Sweet Magnolias,1.0
2508,Patton Oswalt: I Love Everything,1.0
2500,The Queen and the Conqueror,1.0
2496,Especial 20 años Fútbol de Primera,1.0
2487,Mystic Pop-up Bar,1.0
1995,Sing On!,1.0
2477,History 101,1.0
2473,Betaal,1.0
2463,Dorohedoro,1.0
2013,The Barrier,1.0
2460,Space Force,1.0
2454,Revolutionary Love,1.0
2453,My Shy Boss,1.0
2014,The Duchess,1.0
2450,Megalobox,1.0
2448,Dear My Friends,1.0
2023,Julie and the Phantoms,1.0
2433,Alone,1.0
2314,Say I Do,1.0
2308,Abby Hatcher,1.0
2307,A Touch of Green,1.0
2218,Fear City: New York vs The Mafia,1.0
2213,Sing On! Spain,1.0
2103,Ojos in d' House,1.0
2106,Hoops,1.0
2195,Unlucky Ploy,1.0
2193,Transformers: War For Cybertron Trilogy,1.0
2109,Goedam,1.0
2113,DeMarcus Family Rules,1.0
2185,Get Even,1.0
2114,High Score,1.0
2181,Toradora!,1.0
2179,The Next Step,1.0
2176,Nagi-Asu: A Lull in the Sea,1.0
2175,My Perfect Landing,1.0
2171,Immigration Nation,1.0
2169,Mystery Lab,1.0
2166,World's Most Wanted,1.0
2124,Dérè: An African Tale,1.0
2159,Word Party Songs,1.0
2158,Wizards: Tales of Arcadia,1.0
2157,Tiny Creatures,1.0
2154,Sing On! Germany,1.0
2134,Teenage Bounty Hunters,1.0
2149,The Governor,1.0
2135,The Great Heist,1.0
2145,GAME ON: A Comedy Crossover Event,1.0
2215,Sinatra: All or Nothing at All,1.0
2102,Baewatch: Parental Guidance,1.0
2306,21 Again,1.0
2223,Street Food: Latin America,1.0
2304,Warrior Nun,1.0
2302,Supermarket Sweep,1.0
2300,The Baby-Sitters Club,1.0
2299,Southern Survival,1.0
2298,JU-ON: Origins,1.0
2087,Masaba Masaba,1.0
2094,Her Mother's Killer,1.0
2276,Hook,1.0
2259,Stateless,1.0
2256,Was It Love?,1.0
2097,Million Dollar Beach House,1.0
2254,Japan Sinks: 2020,1.0
2252,The Twelve,1.0
2250,The Epic Tales of Captain Underpants in Space,1.0
2247,Down to Earth with Zac Efron,1.0
2246,Dating Around: Brazil,1.0
2242,The Business of Drugs,1.0
2099,Emily's Wonder Lab,1.0
2238,Skin Decision: Before and After,1.0
2236,Dark Desire,1.0
2231,Kissing Game,1.0
2228,Cursed,1.0
2227,Single Wives,1.0
2226,Gigantosaurus,1.0
2224,Killer Women with Piers Morgan,1.0
1984,Dragon's Dogma,1.0
2528,Sleepless Society: Two Pillows & A Lost Soul,1.0
2529,Strangers from Hell,1.0
2796,"Tiger King: Murder, Mayhem and Madness",1.0
2794,The English Game,1.0
2793,She,1.0
2792,Self Made: Inspired by the Life of Madam C.J. Walker,1.0
1835,Start-Up,1.0
1838,Grand Army,1.0
1840,La Révolution,1.0
2785,J-Style Trip,1.0
2784,Freud,1.0
2778,Unorthodox,1.0
1841,Someone Has to Die,1.0
2773,Wassup Man GO!,1.0
2766,Ladies Up,1.0
1855,Social Distance,1.0
2762,Rugal,1.0
2760,Tree House Tales,1.0
2753,Bal Ganesh,1.0
2752,Akbar Birbal,1.0
1861,The Cabin with Bert Kreischer,1.0
1869,Deaf U,1.0
2744,The Iliza Shlesinger Sketch Show,1.0
1874,The Haunting of Bly Manor,1.0
1876,Do Do Sol Sol La La Sol,1.0
1878,Private Lives,1.0
1881,To the Lake,1.0
2728,How to Fix a Drug Scandal,1.0
2795,The Letter for the King,1.0
2798,Vampires,1.0
1890,Pat a Pat Como,1.0
2803,Caliphate,1.0
2884,The Trials of Gabriel Fernandez,1.0
2881,I Am Not Okay With This,1.0
2878,Six Windows in the Desert,1.0
2876,Followers,1.0
1774,Zumbo's Just Desserts,1.0
2873,Unstoppable,1.0
2872,Toy Boy,1.0
2871,Queen Sono,1.0
2858,Calico Critters Mini Episodes Clover,1.0
1791,Blood of Zeus,1.0
2855,Akame ga Kill!,1.0
1795,The Devil Punisher,1.0
2842,Mighty Little Bheem: Festival of Colors,1.0
1800,Barbarians,1.0
2828,The Circle Brazil,1.0
1801,Move,1.0
1804,Stolen Away,1.0
2825,The Valhalla Murders,1.0
1805,The Queen's Gambit,1.0
2819,Bloodride,1.0
2817,100 Humans,1.0
2814,Ken Burns Presents: College Behind Bars: A Film by Lynn Novick and Produced by Sarah Botstein,1.0
2809,We Speak Dance,1.0
2808,Shaun the Sheep: Adventures from Mossy Bottom,1.0
2805,Women Of The Night,1.0
1886,Bad Boy Billionaires: India,1.0
1891,Qurious Como,1.0
1980,The American Barbecue Showdown,1.0
2610,Nadiya’s Time to Eat,1.0
2604,The Victims' Game,1.0
2603,The Forest of Love: Deep Cut,1.0
1924,The Unicorn,1.0
1926,You Cannot Hide,1.0
2599,DRIFTING DRAGONS,1.0
2591,Reckoning,1.0
2589,Oh Yuck,1.0
2587,Monthly Girls' Nozaki Kun,1.0
1948,"Whose Vote Counts, Explained",1.0
1952,A Perfect Crime,1.0
2581,Hollywood,1.0
2576,WWII in HD,1.0
2575,The Universe: Ancient Mysteries Solved,1.0
2570,Hoarders,1.0
2569,Hangar 1: The UFO Files,1.0
2566,Almost Happy,1.0
1955,Sneakerheads,1.0
1956,The School Nurse Files,1.0
2554,The Eddy,1.0
1962,The Playbook,1.0
1974,Fukrey Boyzzz,1.0
2549,Trial By Media,1.0
1979,Ratched,1.0
2543,True: Terrific Tales,1.0
2531,White Lines,1.0
2607,Extracurricular,1.0
1918,Secreto bien guardado,1.0
2700,The Circle France,1.0
2628,"Coronavirus, Explained",1.0
1894,DreamWorks Happy Holidays from Madagascar,1.0
2697,The Trial,1.0
2692,Brews Brothers,1.0
2685,The Innocence Files,1.0
1895,Emily in Paris,1.0
1907,Evil,1.0
2671,Hasmukh,1.0
1908,Familiar Wife,1.0
2667,#blackAF,1.0
2666,The King: Eternal Monarch,1.0
2665,ChuChu TV Nursery Rhymes & Kids Songs (Hindi),1.0
2663,The Midnight Gospel,1.0
2662,Cooked with Cannabis,1.0
2661,Nicky Jam: El Ganador,1.0
2660,Middleditch & Schwartz,1.0
2658,Win the Wilderness,1.0
2652,Absurd Planet,1.0
1911,"Good Morning, Verônica",1.0
2646,Ghost in the Shell: SAC_2045,1.0
2644,Love 101,1.0
2642,DreamWorks Spooky Stories: Volume 2,1.0
1915,Journey of an African Colony,1.0
2640,دفعة القاهرة,1.0
2632,My Secret Romance,1.0
1916,Oktoberfest: Beer & Blood,1.0
3504,Criminal: Spain,1.0
3506,Inside Bill's Brain: Decoding Bill Gates,1.0
1004,Zero,1.0
4306,Inside the Real Narcos,1.0
4341,Haunted House,1.0
4328,Memories of the Alhambra,1.0
1201,Waffles + Mochi,1.0
4322,Pine Gap,1.0
1202,Abla Fahita: Drama Queen,1.0
4317,Dogs of Berlin,1.0
4313,Back Street Girls -GOKUDOLS-,1.0
1206,The Lost Pirate Kingdom,1.0
1207,Zero Chill,1.0
4310,Tidelands,1.0
4309,The Innocent Man,1.0
4308,The Fix,1.0
4305,Hymn of Death,1.0
1294,Pitta Kathalu,1.0
4291,DreamWorks Holiday Classics,1.0
4289,Ashes of Love,1.0
4285,Ellen DeGeneres: Relatable,1.0
1218,The One,1.0
4277,Wolf,1.0
4275,Sirius the Jaeger,1.0
4274,Perfume,1.0
4273,Love @ Seventeen,1.0
4272,Lion Pride,1.0
1224,Dealer,1.0
4270,Jojo's World,1.0
4267,7 Days Out,1.0
4351,1983,1.0
4354,Death by Magic,1.0
4357,Love and Fortune,1.0
1197,Under Suspicion: Uncovering the Wesphael Case,1.0
1167,The Irregulars,1.0
4416,Brainchild,1.0
1169,DOTA: Dragon's Blood,1.0
4411,Damnation,1.0
4410,Transfers,1.0
4409,Westside,1.0
1170,Pui Pui Molcar,1.0
4407,The Queen of Flow,1.0
4406,Super Drags,1.0
4404,Medal of Honor,1.0
4401,Age of Tanks,1.0
4400,Warrior,1.0
4390,Beyblade Burst Evolution,1.0
4388,Vai Anitta,1.0
1175,Navillera,1.0
4382,Silvana Sin Lana,1.0
4381,La Doña,1.0
4380,Eternal Love,1.0
4377,The Final Table,1.0
4373,Paap-O-Meter,1.0
4372,Kulipari: Dream Walker,1.0
1182,Country Comfort,1.0
4367,Fugitiva,1.0
4364,Minecraft: Story Mode,1.0
4363,Bumping Mics with Jeff Ross & Dave Attell,1.0
4266,Single Ladies Senior,1.0
1225,Last Chance U: Basketball,1.0
4264,Demon's Path,1.0
4172,The Perfect Match,1.0
1258,TIGER & BUNNY,1.0
4167,Black Earth Rising,1.0
1269,El final del paraíso,1.0
4163,A Taiwanese Tale of Two Cities,1.0
4150,Paprika,1.0
4145,Sword Art Online Alternative: Gun Gale Online,1.0
4144,Sparta,1.0
4143,Russian Doll,1.0
1272,The Last Bastion,1.0
4133,Romance is a bonus book,1.0
4132,Violet Evergarden,1.0
4131,Tayee,1.0
4130,Safe,1.0
4128,Live,1.0
4127,Hidden Worlds,1.0
4126,The Last of the Schmucks,1.0
1273,Age of Samurai: Battle for Japan,1.0
1275,Canine Intervention,1.0
4119,Iron Ladies,1.0
1276,Ginny & Georgia,1.0
4112,The Kirlian Frequency,1.0
4110,The 43,1.0
4106,Larry Charles' Dangerous World of Comedy,1.0
4105,Hjørdis,1.0
1283,Zindagi in Short,1.0
4169,Examination of Conscience,1.0
4173,Conversations with a Killer: The Ted Bundy Tapes,1.0
4263,Watership Down,1.0
4175,Innocent,1.0
4262,Way Back into Love,1.0
4261,Stand Up and Away! with Brian Regan,1.0
4258,Selection Day,1.0
4257,Murder Mountain,1.0
4255,Hashoter Hatov,1.0
4252,In Family We Trust,1.0
4251,Pioneers: First Women Filmmakers*,1.0
4228,Tidying Up with Marie Kondo,1.0
1226,Marriage or Mortgage,1.0
1227,The Houseboat,1.0
1228,Bombay Begums,1.0
4217,Déjà Vu,1.0
4216,See You in Time,1.0
4208,When Heroes Fly,1.0
1230,My Way,1.0
1232,City of Ghosts,1.0
1235,Nevenka: Breaking the Silence,1.0
1239,Pacific Rim: The Black,1.0
4200,Back with the Ex,1.0
4197,La Grande Chaumière Violette,1.0
4190,Lavender,1.0
4185,Trigger Warning with Killer Mike,1.0
1243,Murder Among the Mormons,1.0
4180,Memory Love,1.0
1247,A Perfect Day For Arsenide,1.0
1164,Magic for Humans Spain,1.0
4462,The Great British Baking Show: The Beginnings,1.0
1153,Rainbow High,1.0
2141,(Un)Well,1.0
1058,Dad Stop Embarrassing Me!,1.0
1059,Fate: The Winx Saga,1.0
1061,Indian Matchmaking,1.0
4743,The Could’ve-Gone-All-the-Way Committee,1.0
4742,Switched,1.0
4739,Becoming Champions,1.0
1062,Jeffrey Epstein: Filthy Rich,1.0
4717,Cocaine Coast,1.0
4712,On Children,1.0
4711,Pretty Man,1.0
1063,Law School,1.0
4705,All About the Washingtons,1.0
4704,Afflicted,1.0
4703,72 Dangerous Animals: Asia,1.0
4697,Stay Here,1.0
4690,The Innocents,1.0
4688,Take My Brother Away,1.0
4686,GHOUL,1.0
4683,Chicken Soup for the Soul's Being Dad,1.0
4679,Undercover Law,1.0
1064,Living with Yourself,1.0
1065,Signal,1.0
1068,The Underclass,1.0
4674,Inside the Criminal Mind,1.0
4673,Cathedral of the Sea,1.0
1057,Ajaibnya Cinta,1.0
4755,Welcome to the Family,1.0
4665,Age of Rebellion,1.0
4759,Amazing Interiors,1.0
4842,November 13: Attack on Paris,1.0
1026,Bakugan: Geogan Rising,1.0
4837,The Staircase,1.0
4833,True: Wonderful Wishes,1.0
4832,True: Magical Friends,1.0
4825,Club de Cuervos Presents: The Ballad of Hugo Sánchez,1.0
1033,Love Naggers,1.0
4819,Life Sentence,1.0
4816,Borges,1.0
4814,Hotel Transylvania,1.0
4810,Kiss Me First,1.0
4808,Churchill’s Secret Agents: The New Recruits,1.0
4805,Somewhere Between,1.0
1039,Dancing Angels,1.0
1041,Durarara!!,1.0
4780,Mr. Sunshine,1.0
1043,Garth Brooks: The Road I’m On,1.0
1045,High-Rise Invasion,1.0
1046,Next in Fashion,1.0
4773,Meteor Garden,1.0
1048,Peasants Rebellion,1.0
4768,Camarón Revolution,1.0
1050,Ricky Zoom,1.0
4764,Jimmy: The True Story of a True Idiot,1.0
4760,Dark Tourist,1.0
4671,Sisters,1.0
1069,Unnatural Selection,1.0
4477,Terrorism Close Calls,1.0
4554,Monty Python's Personal Best,1.0
4551,Monty Python's Fliegender Zirkus,1.0
4550,Monty Python's Almost the Truth,1.0
4543,Monty Python Best Bits (mostly),1.0
4537,Violet Evergarden: Special,1.0
4536,YG Future Strategy Office,1.0
4532,LOST SONG,1.0
4531,Empire Games,1.0
4530,Dancing Queen,1.0
1117,Glimpses of a Future,1.0
4524,Blood Pact,1.0
4522,Salt Fat Acid Heat,1.0
4521,Ordinary Heroes,1.0
4519,The Haunting of Hill House,1.0
4518,The Curious Creations of Christine McConnell,1.0
4515,FIGHTWORLD,1.0
4509,Stunt Science,1.0
4502,Wanderlust,1.0
1144,Worn Stories,1.0
1147,Haunted: Latin America,1.0
4490,Best.Worst.Weekend.Ever.,1.0
4489,Ask the Doctor,1.0
4488,Accidentally in Love,1.0
4484,Here to Heart,1.0
1150,Yu-Gi-Oh!,1.0
4479,DreamWorks Spooky Stories,1.0
1096,This Is a Robbery: The World's Biggest Art Heist,1.0
4571,Hot Date,1.0
4663,Monkey Twins,1.0
4605,Strong,1.0
1076,My Love: Six Stories of True Love,1.0
1080,The Baker and the Beauty,1.0
4655,First and Last,1.0
4653,Transformers: Robots in Disguise,1.0
4652,Transformers Prime,1.0
1083,Don't be the First one,1.0
4649,If I were an Animal,1.0
4648,Daniel Sloss: Live Shows,1.0
4646,Life,1.0
4644,The Rise of Phoenixes,1.0
4641,Super Monsters Monster Party,1.0
4640,Norm Macdonald Has a Show,1.0
1085,Heaven Official's Blessing,1.0
4638,Boca Juniors Confidential,1.0
1092,The Way of the Househusband,1.0
4636,Al Hayba,1.0
4635,Transformers: Rescue Bots,1.0
4634,Mobile Suit Gundam UC,1.0
4633,The Good Cop,1.0
4630,Maniac,1.0
4629,DRAGON PILOT: Hisone & Masotan,1.0
4628,Battlefish,1.0
1095,The Wedding Coach,1.0
4622,Made in Mexico,1.0
4609,Three Wives One Husband,1.0
1286,Vincenzo,1.0
4080,Unsolved,1.0
3507,The Hockey Girls,1.0
1479,Equinox,1.0
3,Ganglands,1.0
3696,Rabbids Invasion,1.0
3695,Molang,1.0
1464,The Cat in the Hat Knows a Lot About That!,1.0
3692,DreamWorks Kung Fu Panda Awesome Secrets,1.0
3691,Designated Survivor: 60 Days,1.0
3690,Bangkok Love Stories: Plead,1.0
3689,Bangkok Love Stories: Objects of Affection,1.0
3687,The Last Czars,1.0
1477,Best Leftovers Ever!,1.0
1478,Dare Me,1.0
3683,The Legend of White Snake,1.0
3678,True Tunes,1.0
1295,Tribes of Europa,1.0
3675,PILI Fantasy: War of Dragons,1.0
3674,One Spring Night,1.0
3672,Extreme Engagement,1.0
1480,SanPa: Sins of the Savior,1.0
1483,Transformers: War for Cybertron: Earthrise,1.0
3667,GRANBLUE FANTASY the Animation,1.0
3666,God Eater,1.0
3665,Anohana: The Flower We Saw That Day,1.0
3664,Angel Beats!,1.0
3661,Unrequited Love,1.0
1484,A Love So Beautiful,1.0
3657,Rookie Historian Goo Hae-Ryung,1.0
1463,Running Man,1.0
3705,Exhibit A,1.0
1458,Jenni Rivera: Mariposa de Barrio,1.0
1456,Headspace Guide to Meditation,1.0
1381,Go Dog Go,1.0
3761,Upin & Ipin,1.0
3756,Jinn,1.0
3755,Yankee,1.0
1386,Demon Slayer: Kimetsu no Yaiba,1.0
3751,Leila,1.0
1393,Daughter From Another Mother,1.0
1395,Spycraft,1.0
1401,Bling Empire,1.0
3746,Awake: The Million Dollar Game,1.0
3745,Unit 42,1.0
3744,The Alcàsser Murders,1.0
3743,Somewhere Only We Know,1.0
3742,Puella Magi Madoka Magica,1.0
3738,Kill la Kill,1.0
1417,Night Stalker: The Hunt for a Serial Killer,1.0
1430,Mighty Little Bheem: Kite Festival,1.0
1431,Pretend It’s a City,1.0
3725,Neon Genesis Evangelion,1.0
1438,Surviving Death,1.0
1440,History of Swear Words,1.0
1443,Korean Pork Belly Rhapsody,1.0
3720,Bolívar,1.0
1444,QB1: Beyond the Lights,1.0
3711,Answer for Heaven,1.0
3656,Typewriter,1.0
1488,Sakho & Mangane,1.0
3652,Sexy Central,1.0
3580,Green Frontier,1.0
3578,Better Than Us,1.0
3577,Apache: The Life of Carlos Tevez,1.0
3576,45 rpm,1.0
3572,Hyperdrive,1.0
1531,Schulz Saves America,1.0
1533,Anitta: Made In Honório,1.0
1534,BREAK IT ALL: The History of Rock in Latin America,1.0
1536,How To Ruin Christmas,1.0
3553,The Good Bandit,1.0
3552,The Dark Crystal: Age of Resistance,1.0
3551,Styling Hollywood,1.0
3547,Luo Bao Bei,1.0
3544,Serial Killer with Piers Morgan,1.0
1539,Marvel Anime: Wolverine,1.0
1540,Marvel Anime: X-Men,1.0
3540,Loo Loo Kids: Johny & Friends Musical Adventures,1.0
3535,The Spy,1.0
3528,"The Mind, Explained",1.0
3527,The I-Land,1.0
3526,Unbelievable,1.0
3525,Top Boy,1.0
3522,Marianne,1.0
3520,Kabaneri of the Iron Fortress: The Battle of Unato,1.0
3516,Surviving R. Kelly,1.0
3511,When the Camellia Blooms,1.0
3579,Diagnosis,1.0
1529,Run On,1.0
1493,Bridgerton,1.0
3586,The King's Avatar,1.0
3643,Another Life,1.0
1504,Lovestruck in the City,1.0
3637,Twelve Forever,1.0
1506,Rhyme Time Town Singalongs,1.0
3633,Sleepless Society: Nyctophobia,1.0
3628,Basketball or Nothing,1.0
3616,Wu Assassins,1.0
3615,Reply 1997,1.0
3614,Reply 1994,1.0
3613,Oh My Ghost,1.0
3612,Misaeng,1.0
3611,Let’s Eat,1.0
3610,Let's Eat 2,1.0
1509,Timmy Time,1.0
3608,Dollar,1.0
3607,Bad Guys,1.0
3606,The Family,1.0
3605,Sintonia,1.0
1515,Diamond City,1.0
3599,DC Super Hero Girls,1.0
1521,Paava Kadhaigal,1.0
3593,Happy Jail,1.0
3591,Til Death Do Us Part,1.0
3589,Cannon Busters,1.0
3588,Victim Number 8,1.0
3770,Super Monsters Monster Pets,1.0
3771,Tales of the City,1.0
1374,50M2,1.0
3985,The 10 Sins,1.0
3981,Crime Diaries: The Candidate,1.0
3980,Charlie's Colorforms City,1.0
3977,The Eagle of El-Se'eed,1.0
1311,The Crew,1.0
1314,Buried by the Bernards,1.0
3970,Traitors,1.0
3969,The Terminal,1.0
3965,Osmosis,1.0
3962,Pablo,1.0
3959,Ultraman,1.0
3957,"That Winter, the Wind Blows",1.0
3954,Kicko & Super Speedo,1.0
3950,Tango,1.0
3947,Possessed,1.0
3945,Tijuana,1.0
1318,Nadiya Bakes,1.0
1321,Capitani,1.0
3942,Rimba Racer,1.0
3941,Quicksand,1.0
3939,Our Planet,1.0
1322,El Chema,1.0
1329,Crime Scene: The Vanishing at the Cecil Hotel,1.0
3935,Time: The Kalief Browder Story,1.0
3932,You vs. Wild,1.0
3929,Persona,1.0
3982,Delhi Crime,1.0
1302,Behind Her Eyes,1.0
3926,Huge in France,1.0
3989,Bo on the Go!,1.0
4058,Northern Rescue,1.0
4057,Losers,1.0
1297,"Hello, Me!",1.0
4055,Cricket Fever: Mumbai Indians,1.0
4045,A Korean Odyssey,1.0
1299,Sisyphus,1.0
4043,American Crime Story: The People v. O.J. Simpson,1.0
4036,The Confrontation,1.0
4033,Immortals,1.0
4031,Disappearance,1.0
4030,Bangkok Love Stories: Hey You!,1.0
1300,Thus Spoke Kishibe Rohan,1.0
4028,This Evening,1.0
4027,Eugenie Nights,1.0
4024,The Land of Hypocrisy,1.0
4023,More to Say,1.0
4017,Turn Up Charlie,1.0
4016,The Disappearance of Madeleine McCann,1.0
1301,Amend: The Fight for America,1.0
4013,My Pride,1.0
4007,If I Hadn't Met You,1.0
4002,Green Door,1.0
3999,My Husband Won't Fit,1.0
3997,9-Feb,1.0
3990,Stay Tuned!,1.0
1332,Five Came Back: The Reference Films,1.0
3902,Rilakkuma and Kaoru,1.0
3780,Malibu Rescue: The Series,1.0
3848,Cinta Si Wedding Planner,1.0
3846,Cinta 100KG,1.0
3845,Bibik-Bibikku,1.0
3844,Away From Home,1.0
3841,The Society,1.0
3840,The Princess Weiyoung,1.0
3838,Jailbirds,1.0
1356,Love Daily,1.0
3832,The Defected,1.0
3827,Revisions,1.0
3825,I Hear You,1.0
3824,"Heidi, bienvenida a casa",1.0
3822,Dennis and Gnasher Unleashed,1.0
1357,My Dead Ex,1.0
3813,It's Bruno!,1.0
3809,1994,1.0
1361,The House Arrest of Us,1.0
1362,The Unsettling,1.0
3802,WHAT / IF,1.0
3797,Hyper HardBoiled Gourmet Report,1.0
3795,Historical Roasts,1.0
3793,When They See Us,1.0
3790,Killer Ratings,1.0
1372,We Are: The Brooklyn Saints,1.0
3783,A Thousand Goodnights,1.0
3781,Arthdal Chronicles,1.0
3847,Cinta Iris,1.0
3849,Cinta Teruna Kimchi,1.0
3901,My Dear Boy,1.0
3850,Secret of Success,1.0
3899,Lunatics,1.0
3898,KO One,1.0
3894,The Hateful Eight: Extended Version,1.0
3893,Street Food,1.0
3888,Chambers,1.0
1340,Invisible City,1.0
1349,Firefly Lane,1.0
3884,The Outsiders,1.0
3883,KO One Return,1.0
3882,K.O.3an Guo,1.0
3881,K.O. One Re-act,1.0
3880,Ingress: The Animation,1.0
3879,Hong Kong West Side Stories,1.0
3877,Angel 'N' Devil,1.0
1350,"Pablo Escobar, el patrón del mal",1.0
3868,Tuca & Bertie,1.0
3865,Flinch,1.0
3861,Crime Diaries: Night Out,1.0
3857,What If?,1.0
3856,The Writer,1.0
3855,In the Bosom of a Thorn,1.0
3854,I Have a Script,1.0
3853,Abyss,1.0
3852,Unchained Fate,1.0
3851,The Missing Menu,1.0
3697,Record of Grancrest War,1.0
